AccountId,PlayerNr,Country,DateOfBirth,Source,Selfban_start,Selfban_end,First_genre,Registration_date,Currency
3s85cau8v9,3887581556,PL,1967-12-13,newspaper,,,Games,2017-07-06,
77tetovrax,7847705450,PL,1975-06-03,newspaper,,,Scratchard,2013-09-07,
9if26dd8is,7005121609,SE,1975-06-26,tv,,,Sportsbook,2019-02-14,SEK
hae7koqlzm,8437991648,PL,1964-10-07,facebook,,,Bingo,2020-05-03,
ye9qkt7b35,3609218616,AT,1980-12-28,newspaper,,,Bingo,2019-05-30,EUR
dj9v34qkhb,7031986051,ES,1987-11-19,facebook,,,Bingo,2011-08-17,EUR
27qae75za6,5182028432,EE,1983-10-04,newspaper,,,Games,2011-11-23,EUR
mx89kdza9i,3665734373,AT,1966-03-25,tv,,,Games,2014-12-13,EUR
ykbbvstq3e,3488097433,NZ,1996-04-11,tv,,,Scratchard,2017-08-31,NZD
zs7lqmgnn7,3562040739,DE,1985-06-17,tv,,,Sportsbook,2017-03-27,EUR
36bt5u3l3b,6723870281,DE,1983-06-08,facebook,,,Bingo,2010-12-26,EUR
eq0mordsce,8722967993,DE,1975-12-07,newspaper,,,Sportsbook,2013-09-27,EUR
3ptmmi394k,5370833538,NZ,1968-03-20,tv,,,Games,2011-07-11,NZD
vxhn7txm91,1752071508,PL,1994-02-27,web,,,Sportsbook,2016-10-22,
pzshpyygkm,9408543320,DE,1966-08-14,web,,,Scratchard,2017-10-03,EUR
iuceuy66vf,8685006215,PL,1975-09-16,facebook,,,Lottery,2019-04-10,
lwyi4648fq,3422001834,DE,1966-12-02,web,,,Bingo,2010-06-19,EUR
i7w5zgaupe,4027358199,EE,1990-02-12,web,,,Bingo,2015-04-10,EUR
bq2zwae1v0,5836746031,ES,1947-08-04,newspaper,,,Scratchard,2010-03-25,EUR
vh4w5py6cs,4356511110,ES,1995-05-11,newspaper,,,Scratchard,2015-05-28,EUR
i2925d11sp,6536059946,RO,1955-06-30,facebook,,,Games,2015-04-29,
jma19opoxu,7681922086,EE,1960-02-16,web,,,Sportsbook,2020-11-16,EUR
j4b25q4cvu,7533178935,ES,1974-12-26,direct,,,Games,2016-06-21,EUR
p20v6oeybi,3594038539,DE,1961-07-11,direct,,,Bingo,2011-08-03,EUR
8rwdsja2gk,4031051835,AT,1980-10-12,newspaper,,,Sportsbook,2020-05-17,EUR
hxbkfe0q2s,5029980789,ES,1995-11-14,facebook,,,Scratchard,2013-12-02,EUR
5l89q9x8ss,3545262772,EE,1950-03-31,web,,,Sportsbook,2016-07-20,EUR
lmwcde8ief,9512321150,EE,1950-12-04,web,,,Sportsbook,2019-03-20,EUR
jr2brtp8ks,4971858537,EE,1952-12-06,web,,,Games,2021-06-24,EUR
0lxdhrrfgx,8242389685,SE,1942-01-09,direct,,,Lottery,2010-10-24,SEK
hob2i6iqkk,5692012672,PL,1950-02-01,direct,,,Sportsbook,2010-02-06,
gv2o1cwxzy,4738425000,AT,1981-04-21,web,,,Games,2021-04-08,EUR
cb46d7z92b,5835867002,DE,1940-02-19,direct,,,Games,2018-02-14,EUR
sma9o0ldic,2346816385,DE,1947-07-16,web,,,Sportsbook,2019-05-16,EUR
b2ewqtd4z8,7807236984,ES,1954-11-07,tv,,,Scratchard,2018-07-05,EUR
8jaa57kgpc,6902437625,SE,1986-08-21,direct,,,Bingo,2019-10-04,SEK
etmwg9102c,2256133419,NZ,1962-01-03,direct,,,Bingo,2011-01-29,NZD
776dwr2xji,8493765890,NZ,1989-07-10,facebook,,,Bingo,2013-12-04,NZD
ctvw68m164,9870304417,ES,1981-06-27,tv,,,Sportsbook,2021-01-17,EUR
pg30taorfd,8387186855,PL,1941-07-07,facebook,,,Scratchard,2017-12-31,
4z6fwnwp1o,4145122027,DE,1964-07-03,web,,,Lottery,2013-02-19,EUR
cjsm74wpxg,7876309986,RO,1968-12-19,direct,,,Sportsbook,2017-06-10,
g6e5wzy89r,5493279528,DE,1963-04-27,direct,,,Games,2019-04-04,EUR
0emwer0r06,1279000595,PL,1979-10-05,newspaper,,,Games,2018-02-14,
p4rppifn5y,1502962507,EE,1943-01-26,tv,,,Scratchard,2019-06-14,EUR
02vunjsycq,5119714752,SE,1954-10-30,facebook,,,Bingo,2018-02-18,SEK
kvnb7l9g9z,6631191922,SE,1969-04-19,facebook,,,Bingo,2021-01-17,SEK
m3iamx8xz5,1816729060,DE,1984-12-07,direct,,,Lottery,2017-07-13,EUR
u20jwb1i47,3273206733,NZ,1948-04-18,direct,,,Lottery,2017-07-08,NZD
l3noy5ncu8,4217470070,PL,1942-08-09,web,,,Bingo,2017-09-27,
xqjd5jthuj,4187035053,ES,1973-06-02,web,,,Scratchard,2012-06-18,EUR
fkl9appqov,8540747987,ES,1972-06-01,web,,,Scratchard,2021-05-27,EUR
o5x68go1cd,1910216990,AT,1987-02-03,tv,,,Bingo,2016-04-26,EUR
ohzz3pweqh,7852530658,NZ,1973-09-02,facebook,,,Games,2011-07-26,NZD
n4g39byeub,4205934848,SE,1979-04-06,web,,,Bingo,2018-04-28,SEK
3hqx6m8ngj,7681189725,DE,1957-02-17,tv,,,Lottery,2012-11-18,EUR
bbeaa0k5c7,1139495753,ES,1946-01-19,facebook,,,Games,2011-03-06,EUR
7xlc9gwgqj,9233256770,RO,1958-07-21,newspaper,,,Scratchard,2021-10-01,
28yjiq4vaz,6901582385,SE,1955-01-14,direct,,,Bingo,2017-07-12,SEK
gylx11znxf,3490297765,PL,1986-04-23,newspaper,,,Bingo,2016-03-21,
50xx3upinf,8417073921,SE,1964-12-03,tv,,,Scratchard,2021-08-04,SEK
1riy3izjvx,2378116701,AT,1999-02-17,newspaper,,,Bingo,2021-12-19,EUR
qrlc01w3ci,5452125578,RO,1954-02-04,newspaper,,,Games,2019-06-30,
z13kx2qaaa,5569413188,RO,1976-07-17,web,,,Bingo,2018-11-22,
coih60icfy,2783796726,NZ,1965-03-24,web,,,Sportsbook,2021-07-01,NZD
89ppu3535m,8225935418,DE,1951-03-21,tv,,,Sportsbook,2018-01-05,EUR
xxwrfr777u,6441323808,SE,1960-09-26,web,,,Bingo,2017-07-18,SEK
mk9u0ls0pu,3727116599,AT,1988-10-24,newspaper,,,Sportsbook,2011-08-24,EUR
9l1ud8nm9w,6309322483,DE,1983-05-21,tv,,,Lottery,2017-07-14,EUR
6h0cj8a6sy,4020798464,ES,1988-09-28,direct,,,Scratchard,2011-02-08,EUR
aqnzj0cak4,9307866463,EE,1995-06-29,newspaper,2018-05-20,2029-12-05,Sportsbook,2013-07-06,EUR
nwwaz6uve7,6969537527,AT,1959-07-30,tv,,,Sportsbook,2012-06-23,EUR
jbchl0q0q7,9125778192,DE,1992-04-09,newspaper,,,Sportsbook,2016-10-16,EUR
6ahn54f6io,2004478966,SE,1954-06-30,newspaper,,,Lottery,2021-12-22,SEK
p8gbrzc32p,5354227956,DE,1970-05-10,web,,,Sportsbook,2010-01-24,EUR
byfrdvsogs,7926298931,RO,1970-01-14,newspaper,,,Lottery,2021-02-03,
wkvn9f1pis,2919298634,EE,1940-09-05,web,,,Bingo,2019-08-07,EUR
aqk2iu3wy8,8936299782,RO,1982-06-23,facebook,,,Sportsbook,2020-05-31,
lvhdukskxt,1752121632,RO,1999-06-26,tv,,,Scratchard,2019-06-10,
552xegjgm8,6020436354,PL,1953-01-30,web,,,Bingo,2015-07-07,
d0wo5wsrpp,6593305246,SE,1998-08-24,direct,,,Lottery,2013-05-06,SEK
k6xqdwvm3b,8481909783,SE,1999-09-26,web,,,Bingo,2014-08-09,SEK
cczpugo74o,6863841779,PL,1961-02-11,facebook,,,Games,2015-01-26,
6r6s5y5xfr,2771147490,RO,1972-02-23,web,,,Lottery,2016-11-27,
jluu6wc11t,3822840370,DE,1978-10-06,web,,,Games,2016-09-05,EUR
6gne6u7ntz,2933397413,RO,1971-08-07,direct,,,Bingo,2020-11-11,
qpdo0budsx,6079943514,ES,1944-11-28,newspaper,,,Lottery,2019-04-25,EUR
or8rbqjydo,2854926593,DE,1990-06-25,facebook,,,Games,2014-11-15,EUR
t0o75qhczp,2197515341,AT,1970-10-23,tv,,,Sportsbook,2019-08-16,EUR
ck6ra5yh2k,7987776529,NZ,1962-02-23,newspaper,,,Scratchard,2011-12-23,NZD
mmz8bfstje,4714472888,ES,1952-12-16,web,,,Sportsbook,2018-02-01,EUR
syltwad549,5603620464,DE,1950-03-12,direct,,,Sportsbook,2011-08-17,EUR
48lfgzhj44,2418340702,EE,1983-06-18,web,,,Lottery,2017-04-05,EUR
76gro8np9e,5719578803,RO,1944-12-14,tv,,,Sportsbook,2020-09-04,
f5pa04ntun,6811970624,SE,1945-11-20,tv,,,Bingo,2016-06-01,SEK
scrszhsqyp,1456044119,RO,1941-05-08,direct,,,Bingo,2017-10-11,
mb0pihqog9,9374448344,EE,1942-11-24,tv,,,Scratchard,2014-05-03,EUR
dytyy6m5zx,1862461968,SE,1990-07-18,tv,,,Games,2019-12-18,SEK
0533wiwceb,3039625951,NZ,1974-11-21,facebook,,,Sportsbook,2012-06-15,NZD
uw2cuc3fsd,6411194864,RO,1973-12-23,web,,,Games,2015-07-28,
0xwc7mqyzv,3598649459,NZ,1944-12-25,tv,,,Games,2013-03-02,NZD
n2shu4b54f,8847052979,SE,1985-12-19,newspaper,,,Games,2021-02-04,SEK
b0wqwkigk7,9788544818,RO,1986-02-06,tv,,,Lottery,2012-11-24,
xsysaz62q0,8201907628,AT,1950-07-23,web,,,Lottery,2013-03-18,EUR
xdvm3n400v,4124383653,RO,1953-05-11,web,,,Scratchard,2012-09-19,
burq5vozzc,8897506848,RO,1966-02-24,tv,,,Scratchard,2018-06-04,
2qirco5uvk,8654028418,ES,1978-03-10,web,,,Sportsbook,2013-05-05,EUR
rgzpchfw34,1718976016,NZ,1955-04-11,tv,,,Games,2012-08-18,NZD
jjjathgoe4,7447662063,DE,1946-01-02,direct,,,Scratchard,2012-07-17,EUR
mvrnvymj20,6536173661,EE,1954-06-18,web,,,Lottery,2011-10-12,EUR
03513r7v9b,3997355951,EE,1959-04-18,web,,,Bingo,2015-12-04,EUR
j7oh3gjwgb,3978091577,RO,1967-09-10,direct,,,Sportsbook,2015-01-09,
vep0kn4h9y,7109593642,AT,1985-09-07,facebook,,,Scratchard,2011-08-28,EUR
dw9xayhgsf,1766373215,NZ,1966-11-08,web,,,Sportsbook,2011-11-11,NZD
ujzz8c0jb3,3169263239,SE,1996-01-11,web,,,Scratchard,2021-12-30,SEK
xxayu377fo,2730081960,AT,1957-05-20,direct,,,Scratchard,2016-06-01,EUR
6aguw6lw0z,5350521753,PL,1953-05-11,web,,,Bingo,2021-03-27,
ywbpeokmsg,8249341981,PL,1981-11-14,web,,,Games,2019-02-25,
l38p82u6au,6692316206,AT,1945-01-13,web,,,Games,2018-11-26,EUR
e7lsdgnrxn,6249245828,SE,1991-07-20,tv,,,Sportsbook,2011-08-13,SEK
eznrvtmkyl,9111942388,RO,1971-08-07,direct,,,Sportsbook,2019-02-25,
rmkbfpp0br,2258058891,ES,1981-04-14,web,,,Games,2015-07-10,EUR
mw4mj8sajl,3973521224,DE,1978-11-18,newspaper,,,Bingo,2018-05-12,EUR
44pwwbgjn2,7765254498,ES,1978-08-30,facebook,,,Games,2016-11-29,EUR
gbrw0wiiju,9911004914,SE,1966-09-01,direct,2017-08-06,2024-11-02,Bingo,2016-10-01,SEK
3ywmx5hfho,9408892762,DE,1997-01-29,tv,,,Scratchard,2016-06-24,EUR
yonqkoouxv,1036020982,PL,2000-03-23,newspaper,,,Games,2016-03-03,
rquhyauhxq,2869042835,NZ,1977-02-26,facebook,,,Sportsbook,2016-11-17,NZD
mcfkfk63qt,6227261306,DE,1962-05-25,direct,,,Sportsbook,2010-02-23,EUR
cqulc4z8g7,5776449444,EE,1977-11-12,tv,,,Games,2019-03-22,EUR
3g12h43uic,1897835110,NZ,1946-10-28,direct,,,Scratchard,2015-03-30,NZD
uhyvjl2gct,9330011386,DE,1962-11-22,tv,,,Games,2017-01-22,EUR
2mif8xr962,5028449753,SE,1959-09-24,facebook,,,Sportsbook,2013-11-02,SEK
nxgqrj1439,5183897899,RO,1977-11-23,tv,,,Bingo,2020-10-15,
vr7u77wxhj,2517732149,ES,1959-10-08,facebook,,,Games,2012-10-17,EUR
4he9s8guni,5952950913,NZ,1985-09-20,direct,,,Games,2016-06-28,NZD
m5p8k7ui9j,2780613081,PL,1969-06-20,web,,,Games,2011-09-06,
kl4wssqw5y,5159337063,PL,1957-03-11,newspaper,,,Scratchard,2017-12-19,
dpnne4cto9,9082747726,SE,1993-10-20,direct,,,Lottery,2015-12-28,SEK
h6fyvbsvkt,2729531333,PL,1960-09-07,direct,,,Scratchard,2015-06-30,
skj8htx5sc,5108564405,DE,1988-03-07,tv,,,Sportsbook,2016-07-22,EUR
6f6zjzur2z,3443196705,RO,1944-06-30,direct,,,Games,2010-03-05,
8r8y4yk714,5844329264,DE,1983-01-11,direct,,,Scratchard,2016-08-09,EUR
hp1gvij4uf,8769457061,ES,1976-06-13,facebook,,,Scratchard,2010-05-12,EUR
laxoonyemp,6776592890,DE,1982-04-28,tv,,,Games,2020-04-23,EUR
6av3cl4mij,4915175880,AT,1961-11-29,facebook,,,Games,2017-01-09,EUR
u034iyd7s8,4809187404,AT,1997-09-07,newspaper,,,Scratchard,2012-02-28,EUR
ievpi8xs4r,3295554010,PL,1963-02-08,newspaper,,,Sportsbook,2011-09-07,
ato1n9upqc,9280817790,SE,1985-06-22,facebook,,,Bingo,2011-07-17,SEK
kld9jz2rcd,3138089406,EE,1997-10-08,newspaper,,,Bingo,2020-07-04,EUR
ggrel73hbg,5059677080,PL,1996-12-16,web,,,Bingo,2016-01-16,
1r833hbij1,5020149236,PL,1941-12-26,direct,,,Bingo,2020-08-28,
12ftpamlxf,4399532870,NZ,1995-11-30,web,,,Lottery,2015-11-13,NZD
71hlas8xkx,9076185047,SE,1960-08-02,tv,,,Lottery,2018-04-26,SEK
jedgt77494,6454227191,EE,1999-06-24,web,,,Games,2016-04-24,EUR
4nqn0mtjyb,7386003760,ES,1982-04-03,newspaper,,,Bingo,2013-11-09,EUR
g1o8q94c62,5847410968,RO,1973-01-30,facebook,,,Scratchard,2021-11-30,
6k2j3s0hzr,1048117176,NZ,1990-03-19,newspaper,,,Scratchard,2019-02-16,NZD
x89ssj4omc,1992632533,NZ,1965-05-07,direct,,,Bingo,2011-06-28,NZD
lciimmd3ds,1727820178,SE,1953-12-01,facebook,,,Games,2012-05-14,SEK
0jswadmqkd,2041105448,PL,2000-12-11,direct,2021-10-26,2031-03-30,Lottery,2016-02-13,
ng15iqiw33,1187628327,PL,1978-08-29,tv,,,Games,2013-09-25,
f62lv3jvge,6188622350,PL,1971-05-22,web,,,Sportsbook,2015-02-24,
8no12gi34p,6350784460,NZ,2000-01-26,tv,,,Sportsbook,2019-09-30,NZD
5a5usbi7ae,4320576608,DE,1988-12-31,facebook,,,Bingo,2014-04-28,EUR
fqff0tlnop,8472369131,EE,1980-10-09,tv,,,Lottery,2019-09-17,EUR
ynj798iysu,8513977096,AT,1971-09-03,newspaper,,,Sportsbook,2021-08-31,EUR
8ewsq9rxi1,7850356930,RO,1947-03-16,facebook,,,Sportsbook,2010-09-27,
ihx3d3hh45,3168527231,DE,1963-07-17,facebook,,,Scratchard,2019-01-21,EUR
mw6x91v81t,7749705286,PL,1955-08-29,newspaper,,,Lottery,2014-11-24,
1st3pzwugq,8777273645,DE,1955-01-11,facebook,,,Sportsbook,2014-10-12,EUR
5ioopuqn16,8437710692,ES,1997-07-14,newspaper,,,Sportsbook,2016-08-16,EUR
cgaqrzvvhl,1944662055,AT,1945-12-12,facebook,,,Bingo,2020-06-26,EUR
mxwqpb4454,1996175798,RO,1956-05-18,direct,,,Scratchard,2012-07-25,
xbnfo6tlfc,1667100655,SE,1964-01-06,facebook,,,Lottery,2020-09-26,SEK
otoky4xrd9,4494890697,NZ,1974-05-06,direct,,,Lottery,2021-01-28,NZD
9jcmph2lxg,8972150859,RO,1955-08-18,newspaper,,,Lottery,2017-08-20,
keu9wop9cp,5241979249,AT,1978-06-09,facebook,,,Games,2015-11-02,EUR
iah1oumc9v,7968717305,SE,1947-10-05,tv,,,Sportsbook,2012-12-09,SEK
ce3bt29opa,4948410766,RO,1990-05-08,direct,2021-05-26,2024-03-18,Games,2015-04-11,
eqnzyk22jm,1367057505,ES,1982-11-16,direct,,,Bingo,2019-07-19,EUR
s3r99rdxqg,9550304081,DE,1974-01-17,facebook,,,Bingo,2016-03-22,EUR
7cq5anv57b,7930289495,RO,1965-10-29,direct,,,Lottery,2020-06-11,
u7vo1b0emx,3765945215,NZ,1941-01-06,tv,,,Games,2011-10-06,NZD
tsa919fkpz,5260661544,RO,1972-05-02,tv,,,Bingo,2018-10-29,
7jkacb61jd,8469546949,ES,1996-12-03,newspaper,,,Sportsbook,2020-12-25,EUR
tqh3hffkt1,7909261668,PL,1999-12-21,web,,,Games,2016-07-21,
2lq5yuo67h,6207183339,NZ,1957-12-07,newspaper,,,Sportsbook,2014-01-20,NZD
k0mk193w59,5591327881,DE,1966-04-22,direct,,,Scratchard,2016-09-17,EUR
sxfotzz189,6110275923,AT,1991-11-07,direct,,,Lottery,2015-05-22,EUR
tkizz2wvl6,5319878736,AT,1997-12-17,facebook,,,Sportsbook,2012-02-08,EUR
ec43x2n40p,3679157558,ES,1960-01-25,tv,,,Games,2011-01-12,EUR
psbmp639ra,8789559478,SE,1995-10-08,web,,,Scratchard,2014-05-11,SEK
j2jbg3smce,5975532588,RO,1975-10-30,facebook,,,Bingo,2018-11-27,
pyc2cmi2pi,5590353255,RO,1960-09-24,web,,,Games,2011-08-24,
n86ja3mymy,2934211186,AT,1982-04-21,direct,,,Sportsbook,2010-10-30,EUR
aruj3fp8s7,1708297073,SE,1940-08-02,newspaper,,,Games,2012-07-04,SEK
a235b1ryzw,4180084805,SE,1946-06-30,newspaper,,,Games,2021-01-10,SEK
xj8j0ck65b,9597589475,DE,1950-07-29,direct,,,Games,2017-08-13,EUR
gvdfdlqmzs,4000846777,ES,1940-11-04,tv,,,Games,2017-10-20,EUR
f7me9v8ex6,8416016383,PL,1982-03-23,web,,,Bingo,2015-05-26,
7c4sfqopt2,1515544038,NZ,1944-02-26,web,,,Games,2010-10-05,NZD
8o2xcgaryl,5648246733,RO,1970-11-16,newspaper,,,Bingo,2018-04-22,
66cxpsxw2p,9186918832,EE,1953-03-05,web,,,Scratchard,2011-04-17,EUR
l0r76g7wfc,7583536828,DE,1975-04-16,tv,,,Scratchard,2010-12-05,EUR
6qn8bb12q8,6263514268,ES,1978-10-30,tv,,,Bingo,2020-11-10,EUR
u60wdswbw2,3407806857,ES,1956-05-09,direct,,,Games,2014-10-13,EUR
p4x2bbl9ut,8912699321,PL,1949-09-12,tv,,,Games,2010-12-16,
aimndrhgk0,7156548211,NZ,2000-02-10,web,,,Games,2013-02-25,NZD
isi7xndz3h,9350479393,ES,1950-03-22,tv,,,Scratchard,2015-11-05,EUR
7uvdp4wvs9,7796848045,ES,1955-11-29,newspaper,,,Lottery,2014-06-04,EUR
1mj8sp7vb6,1021879209,SE,1976-07-14,web,,,Games,2012-04-27,SEK
ccpkzuhb25,8094254028,DE,1951-07-19,tv,,,Sportsbook,2020-04-22,EUR
ghrr4t462i,4795256297,NZ,1996-01-07,newspaper,,,Sportsbook,2015-04-20,NZD
otue79k94y,8821973953,ES,1940-01-23,facebook,,,Bingo,2018-03-18,EUR
44mugtmtgo,7196320971,EE,1992-12-25,web,,,Sportsbook,2014-09-09,EUR
nui8hgowyj,6858978623,ES,1958-11-28,facebook,2017-02-04,2026-06-18,Bingo,2010-06-28,EUR
3hgaagpunf,8257635691,EE,1942-12-28,direct,,,Scratchard,2015-03-01,EUR
mjj0syh2zn,9142768434,PL,1951-02-09,tv,,,Scratchard,2011-07-04,
5lxo5fdpqj,9553648054,ES,1990-02-03,facebook,,,Games,2020-06-17,EUR
ln2foyb5p5,7682009516,AT,1970-07-25,newspaper,,,Games,2011-05-12,EUR
qyykj84e0q,9318805215,ES,1956-08-31,facebook,,,Scratchard,2013-11-26,EUR
bthm6uybrm,7602889861,DE,1950-04-19,direct,2019-01-06,2027-12-24,Lottery,2015-08-15,EUR
1hnh27nxqr,4420711043,DE,1959-08-23,direct,,,Scratchard,2016-02-14,EUR
xv9i2oukk5,6056008753,DE,1946-09-12,tv,,,Scratchard,2020-04-18,EUR
l1juiwg1dn,9617352143,ES,1987-08-27,facebook,,,Sportsbook,2014-07-27,EUR
jlc44s60r3,3381222091,EE,2000-01-21,newspaper,,,Lottery,2012-02-09,EUR
yx6exaniu7,5469194979,NZ,1954-12-10,newspaper,,,Scratchard,2019-08-25,NZD
grwku2blrm,8466100623,PL,1994-02-07,newspaper,,,Scratchard,2021-07-09,
ij3hzj7wwi,9591329818,EE,1973-02-15,web,,,Bingo,2012-08-09,EUR
qr4buj37lu,6934551288,AT,1951-09-17,web,,,Sportsbook,2015-05-03,EUR
01lq9wcqqa,9585591209,NZ,1972-05-21,web,,,Sportsbook,2013-01-03,NZD
98bbehq9sx,9658709390,NZ,1992-02-05,newspaper,,,Scratchard,2020-05-30,NZD
ib38hd2xaw,2623283609,DE,1950-03-11,facebook,,,Scratchard,2012-08-12,EUR
l8qm3anwdc,5353640172,NZ,1990-10-16,newspaper,,,Games,2014-07-10,NZD
9n1jzsk3oo,9715650351,ES,1988-09-23,newspaper,,,Sportsbook,2012-06-08,EUR
zcfmqb4zew,1077825933,PL,1944-05-19,web,,,Bingo,2020-06-07,
eswumb3egw,6925828862,SE,1986-09-22,tv,,,Sportsbook,2020-11-11,SEK
jt41814nr1,9134893416,NZ,1987-03-05,direct,,,Games,2011-04-18,NZD
ky4aewa5z9,6535162498,AT,1955-05-29,tv,,,Sportsbook,2021-10-29,EUR
sfcbalcpo8,8277160625,ES,1944-04-10,tv,,,Lottery,2013-06-16,EUR
px925zdok5,1816774519,NZ,1952-12-16,direct,,,Bingo,2020-11-10,NZD
h37c8wv8ye,4930767824,ES,1957-05-29,direct,,,Bingo,2011-03-17,EUR
tryl3tw03c,2508688490,PL,1955-07-02,direct,,,Games,2017-02-03,
2281atel5e,5374681156,AT,1963-12-21,tv,,,Bingo,2017-10-04,EUR
rhec3fcjku,4049814995,ES,1975-11-16,facebook,,,Sportsbook,2012-12-29,EUR
v3j2rzhoeq,9728286346,NZ,1962-04-07,newspaper,,,Scratchard,2015-07-23,NZD
znoivpwulc,3299518083,NZ,1941-07-10,facebook,,,Lottery,2010-12-14,NZD
z1glmq2ss8,5656036765,NZ,1943-02-04,direct,,,Bingo,2011-01-18,NZD
95lwnlg3nz,9826780166,NZ,1973-10-31,direct,,,Sportsbook,2011-08-25,NZD
5ydq0ie44u,9921328392,RO,1976-04-07,facebook,,,Scratchard,2011-10-12,
o1ol0bh86r,3778143709,NZ,1974-12-01,direct,,,Bingo,2010-05-27,NZD
3d1unkjm2q,7716123384,AT,1987-09-21,direct,,,Sportsbook,2015-08-09,EUR
pbr6826u3p,1134481326,NZ,1990-03-20,facebook,,,Lottery,2014-09-04,NZD
ch4fnnsl8l,4160140627,SE,1970-04-17,tv,,,Games,2010-08-29,SEK
1nexc7yjpx,5445932740,EE,1961-10-30,direct,,,Lottery,2011-12-16,EUR
4ztff7xj6p,1895106323,PL,1942-08-26,web,,,Scratchard,2013-03-23,
z5vwadcled,2856829379,NZ,1972-06-06,web,,,Bingo,2017-06-16,NZD
a49ng8zs9e,9999018879,DE,1951-09-02,direct,,,Games,2012-05-15,EUR
bn2oqb2ctu,2407960604,EE,1960-10-19,tv,,,Scratchard,2010-01-26,EUR
lntf9y6z1p,5095607352,AT,1987-11-03,tv,,,Sportsbook,2011-03-30,EUR
f07kkb79g7,5712498542,ES,1963-07-05,newspaper,,,Bingo,2019-12-28,EUR
fgbnkpo326,7001613641,AT,1973-02-15,newspaper,,,Lottery,2010-07-13,EUR
tjf1htgxod,5844938083,SE,1979-12-12,facebook,,,Games,2018-10-17,SEK
nw1wt5je9c,6683340389,AT,1966-10-28,tv,2018-10-21,2024-08-22,Bingo,2014-11-29,EUR
mkgjqq7wny,6428239246,NZ,1962-02-17,facebook,,,Lottery,2013-08-03,NZD
wy8mefjz4g,7512358693,PL,1957-08-21,tv,,,Scratchard,2015-12-28,
7te7s3t9yb,3241886772,PL,1962-08-26,facebook,,,Games,2021-10-24,
g3ftukhsj6,6647962503,NZ,1975-08-17,newspaper,,,Scratchard,2010-12-07,NZD
xpmvt1626e,6022884158,EE,1975-01-06,tv,,,Sportsbook,2016-06-10,EUR
r5pxtv8tb2,4628414499,SE,1975-01-03,web,,,Bingo,2018-03-25,SEK
bpr15xz0bl,2921528550,PL,1969-12-20,newspaper,,,Games,2016-08-03,
4aumxl45pj,4795329415,EE,1984-07-01,facebook,,,Sportsbook,2014-01-22,EUR
a5nu7u8026,8134758300,NZ,1998-03-14,facebook,,,Bingo,2014-03-14,NZD
a7x15calqi,3935373805,AT,1944-02-26,facebook,,,Sportsbook,2020-11-24,EUR
4u65z3f3ud,4706862924,NZ,2000-07-27,newspaper,,,Bingo,2019-11-16,NZD
67cp4jt3nr,6982551820,ES,1949-04-06,web,,,Scratchard,2017-10-13,EUR
en1fudfe01,2731406850,PL,1982-06-03,direct,,,Scratchard,2011-10-25,
eklyqx9zt0,9545251757,AT,1986-04-09,facebook,,,Scratchard,2016-01-28,EUR
t7pbd2sup9,9419526066,ES,1990-04-01,web,,,Scratchard,2021-06-06,EUR
hm149g5gc1,5962103643,SE,1994-08-18,tv,,,Games,2019-04-06,SEK
3u3rdxgk1m,6120781753,EE,1977-06-20,direct,,,Lottery,2014-09-21,EUR
lbgyv8gdwb,6248602523,AT,1948-11-02,web,,,Scratchard,2013-10-29,EUR
29xkxjmjwl,4404340539,PL,1945-11-20,facebook,,,Games,2016-07-16,
r3ji1mb7t7,1639673044,SE,1973-09-09,web,,,Games,2018-06-19,SEK
c0h180hmka,9058947957,DE,1949-08-26,web,,,Sportsbook,2020-10-20,EUR
0h54dk2lwr,3421286587,EE,1950-01-17,facebook,,,Lottery,2013-12-07,EUR
4j0lqa21a6,9248919117,RO,1956-04-13,newspaper,,,Games,2019-07-01,
6ktcu6s0aj,9788777883,AT,1991-03-22,newspaper,,,Scratchard,2015-01-12,EUR
n5laavgv9n,5782684796,AT,1977-09-01,web,,,Scratchard,2014-12-15,EUR
lguwqpg64b,9713706217,DE,1997-01-04,tv,,,Sportsbook,2014-11-30,EUR
e2vgabyi6j,9444450429,AT,1977-05-19,web,,,Scratchard,2013-02-07,EUR
oz5oyxnqv3,6685390516,PL,1995-03-06,newspaper,,,Games,2013-10-14,
vmg836nahs,5217310024,SE,1956-02-27,facebook,,,Scratchard,2015-08-23,SEK
mdbzgqryvs,9618415445,EE,1964-08-29,newspaper,,,Scratchard,2015-12-13,EUR
7zfabuf5i8,9347696464,AT,1965-10-07,newspaper,,,Sportsbook,2014-03-25,EUR
2td0crez08,7229614068,DE,1978-06-30,facebook,,,Sportsbook,2015-12-30,EUR
mzcqgyc3f7,4534697142,DE,1955-05-31,facebook,,,Bingo,2016-06-11,EUR
70oo2pjchx,1222667537,PL,1944-05-20,web,,,Games,2020-04-15,
i99wmf381g,5301464570,ES,1998-06-15,direct,,,Scratchard,2014-12-15,EUR
a8px5ocq13,5014230319,PL,1958-05-25,tv,,,Scratchard,2015-01-21,
866bug5uvl,4479208260,AT,1998-08-23,facebook,,,Games,2014-06-08,EUR
6ef5pvdobk,5138328026,NZ,1997-07-27,web,,,Scratchard,2012-09-18,NZD
nsfbai5ybl,3260350038,EE,1968-11-01,tv,,,Bingo,2016-07-01,EUR
xpq0qsxsmo,3376418352,EE,1993-02-04,facebook,,,Games,2017-03-24,EUR
h9bi3azmui,9864624292,AT,1978-04-10,newspaper,,,Scratchard,2020-05-21,EUR
vcoj87vpow,8835289726,AT,1996-10-19,facebook,,,Scratchard,2021-01-09,EUR
jpy834jenb,2167857335,NZ,1940-02-14,web,,,Bingo,2018-08-09,NZD
8dshmpamae,4313304363,AT,1959-03-05,web,,,Sportsbook,2017-10-23,EUR
o9wujn6qs2,6111030771,EE,1949-03-06,facebook,,,Lottery,2011-01-24,EUR
fiouecc1bt,4773968640,DE,1974-07-03,web,,,Scratchard,2011-09-12,EUR
uofi9p5w57,1374242481,AT,1990-02-08,facebook,,,Lottery,2021-06-17,EUR
756goh7wbn,6342549048,EE,1966-09-14,tv,,,Scratchard,2012-06-14,EUR
zjgxi07nz0,4312716535,EE,1972-07-09,newspaper,,,Sportsbook,2020-02-26,EUR
zsunofbh30,5684879266,PL,1952-03-19,newspaper,,,Games,2020-02-12,
vzbsxofep0,3630073091,EE,1944-04-05,web,,,Scratchard,2018-03-04,EUR
66h0sbtmw3,5168256560,RO,1987-02-21,facebook,,,Lottery,2019-06-20,
c9xdqi402j,8209806297,DE,1999-10-02,tv,,,Lottery,2016-08-13,EUR
tcd1js1rkd,5886509256,DE,1979-07-15,facebook,,,Bingo,2016-02-23,EUR
m1tlk56t6l,4788982906,SE,1942-03-23,web,,,Bingo,2019-12-12,SEK
trksdjxmin,4906498466,ES,1969-05-27,direct,,,Sportsbook,2016-09-24,EUR
0nzoyud9pq,9389350104,NZ,1972-09-14,web,,,Lottery,2016-07-29,NZD
j1onr8vtfy,5016408432,RO,1950-09-19,facebook,,,Bingo,2015-03-10,
b6blxwrezb,1008024186,SE,1951-06-24,direct,,,Scratchard,2012-02-05,SEK
uyzudwbxsq,6882779408,ES,1998-06-04,direct,,,Games,2018-05-02,EUR
34agssxd4r,4733111789,PL,1976-04-21,facebook,,,Bingo,2016-12-28,
7fs6bxxlb7,3795189497,NZ,1962-07-04,facebook,2018-09-28,2031-08-07,Lottery,2014-05-03,NZD
jmbebkq6rf,4428329907,SE,1968-09-09,tv,,,Scratchard,2016-04-08,SEK
02gpdkskx5,4019273981,PL,1962-01-04,newspaper,,,Games,2014-05-28,
gvsil71pu5,2657993842,EE,1997-07-01,tv,2017-08-31,2028-09-14,Scratchard,2012-02-24,EUR
qob9if0zjc,2750066265,AT,1962-01-06,newspaper,,,Lottery,2020-08-06,EUR
t3ybx0odas,2257213006,EE,1942-07-31,direct,,,Sportsbook,2018-08-03,EUR
huyrzo45wr,3685668916,NZ,1943-06-24,newspaper,,,Sportsbook,2014-05-09,NZD
pkkanjvk2w,9626751996,AT,1995-07-02,tv,,,Games,2015-01-30,EUR
voxzwg2lde,3784916704,AT,1958-11-16,newspaper,,,Lottery,2010-08-20,EUR
0ofmjijcdd,7854319509,NZ,1979-01-01,tv,,,Bingo,2018-01-21,NZD
it98kfk3p2,1129466949,PL,1994-07-15,direct,,,Bingo,2021-05-22,
0b2ulel7o0,5126880330,PL,1976-12-19,direct,,,Lottery,2014-11-08,
9jakiwqklg,2551389194,RO,1980-10-14,direct,,,Bingo,2021-07-23,
susm2jfvxs,7148722615,NZ,1974-02-03,tv,,,Games,2013-01-10,NZD
w5t86kmw5f,3089456795,ES,1961-10-08,web,,,Bingo,2014-05-27,EUR
40jwuzjsan,5788951893,DE,1972-04-22,facebook,,,Lottery,2021-01-13,EUR
fwf5sl8v1q,3644753014,AT,1995-05-16,web,,,Lottery,2016-07-15,EUR
jx42trsdxr,4776092946,RO,1943-04-01,newspaper,,,Bingo,2020-08-07,
89pcvwymin,2235270409,DE,1958-05-05,direct,,,Bingo,2019-08-26,EUR
fgfylts2v3,8905287137,ES,1988-11-23,newspaper,,,Games,2012-01-04,EUR
g82pt0txj4,5089175048,PL,1970-02-02,tv,,,Bingo,2020-09-14,
m41ssag299,3153409044,EE,1982-09-09,web,,,Lottery,2014-02-01,EUR
yhjqrqsbbm,9466072469,PL,1946-11-22,direct,,,Scratchard,2015-08-04,
cd4z66zetn,1950922825,AT,1947-08-19,web,,,Sportsbook,2011-06-13,EUR
6hnvcdvves,6325769549,SE,1948-10-01,direct,,,Sportsbook,2014-08-29,SEK
awrxuzu6wn,2134627190,DE,1950-09-23,web,,,Bingo,2015-08-17,EUR
cenh9l2r7o,7045165178,NZ,1970-01-19,web,,,Bingo,2019-06-27,NZD
k65yt1w58n,4530090218,SE,1963-07-08,newspaper,,,Scratchard,2010-12-07,SEK
lla65ysn2n,1249023625,ES,1990-04-23,tv,,,Bingo,2019-04-06,EUR
z3ewnvw420,6858357142,DE,1946-03-05,web,,,Scratchard,2016-11-23,EUR
lwsgw8yuu6,9207467953,DE,1944-02-17,facebook,,,Scratchard,2015-02-18,EUR
6lthtkwqv3,9767869811,ES,1941-01-23,direct,,,Games,2012-11-23,EUR
ldjpkgraj8,9669299342,NZ,1997-06-27,newspaper,,,Bingo,2019-04-14,NZD
0e63qngkxj,1073108488,SE,1963-03-22,web,,,Games,2016-02-25,SEK
yxpzvuso3f,8305077365,PL,1950-11-24,tv,,,Bingo,2015-06-08,
kca9as796j,3721973090,ES,1963-10-03,direct,,,Lottery,2020-03-06,EUR
ku1s60fqbk,1996760440,EE,1982-04-06,newspaper,,,Lottery,2013-10-19,EUR
ydp2q2vmea,4313151992,SE,1983-03-26,web,,,Scratchard,2021-03-10,SEK
and2huyvs1,4304130519,DE,1993-10-31,web,2021-11-25,2028-03-10,Lottery,2019-06-14,EUR
1k9fqffjnd,4215494709,NZ,1983-02-10,direct,,,Games,2017-12-29,NZD
i42u86vojd,4966418989,PL,1953-06-04,direct,,,Lottery,2019-11-18,
ebuz6j83x3,2889954002,AT,1964-08-21,direct,,,Sportsbook,2020-10-23,EUR
p8lq8aa75a,5485951792,DE,1978-04-06,tv,,,Bingo,2013-02-10,EUR
uhse36vi9y,8875524474,SE,1952-12-26,web,,,Lottery,2010-11-06,SEK
6ak8hb9p5o,3081971721,AT,1977-08-21,web,,,Lottery,2019-02-19,EUR
hjv0a0zpe7,1003452062,PL,1991-01-13,newspaper,,,Sportsbook,2019-04-04,
dij77px3sk,1720597878,PL,1988-12-23,direct,,,Lottery,2017-05-18,
yliy8zgu57,5579879986,NZ,1951-06-10,direct,,,Lottery,2015-01-18,NZD
pf5d2mj3gb,9545432015,RO,1944-05-20,facebook,,,Lottery,2018-11-29,
tlsaxd09tm,4374699486,SE,1965-01-21,tv,,,Sportsbook,2017-10-11,SEK
yug63rgvky,5424628707,EE,1940-04-25,direct,,,Games,2015-11-30,EUR
ur5xl2k7ee,8294890270,RO,1957-07-25,newspaper,,,Bingo,2019-09-01,
fcc4hi4fm4,9631049242,RO,1987-02-12,facebook,,,Scratchard,2020-11-11,
l2vex36fur,1907898280,SE,1969-03-29,web,,,Lottery,2012-12-20,SEK
myg0vwqc2r,2906323424,PL,1967-12-29,facebook,,,Sportsbook,2014-09-03,
q77urslwvh,2171657140,DE,1947-12-28,facebook,,,Bingo,2010-04-17,EUR
f1xw1msk8f,3784401811,EE,1948-03-03,web,,,Bingo,2018-02-17,EUR
j5d1ihh459,7990125543,EE,1973-03-24,newspaper,,,Sportsbook,2011-07-19,EUR
wsdkl0r0ob,6958633636,ES,1998-07-15,facebook,,,Scratchard,2015-03-11,EUR
kdv2osch0m,7101629444,NZ,1985-04-27,web,,,Sportsbook,2017-10-22,NZD
ovx84u6juw,1166918249,RO,1974-11-13,web,,,Bingo,2020-03-17,
2t8sh2a15x,5825308976,EE,1973-12-03,tv,,,Games,2020-11-08,EUR
n1y6oq7p5h,4279109801,PL,1950-02-11,newspaper,,,Scratchard,2014-03-20,
v6aionym2o,3923747925,EE,1976-03-30,newspaper,,,Scratchard,2010-08-28,EUR
m5saco390k,1329891140,SE,1941-11-04,direct,,,Games,2014-05-28,SEK
88ybhro26y,6084817052,ES,1962-05-25,web,,,Lottery,2011-03-20,EUR
aiaecb31ri,5237160675,SE,1955-08-13,tv,,,Bingo,2020-11-19,SEK
lf69p02xcn,6110668549,PL,1964-09-26,direct,,,Games,2019-03-28,
vq4gunupxg,5480955684,AT,1997-12-22,tv,,,Sportsbook,2014-09-18,EUR
rijm5bcbz8,2766944760,DE,1997-07-08,web,2019-12-26,2025-04-13,Scratchard,2013-03-17,EUR
nouqiaj2vr,4454426269,RO,1956-10-17,tv,,,Games,2010-03-11,
ym3lk69zqj,9174587162,RO,1995-12-20,web,,,Scratchard,2017-06-22,
oq7d87tfpo,4272877555,RO,1960-02-09,tv,,,Lottery,2012-04-12,
zl443xj3bt,7022630949,AT,1971-03-31,newspaper,,,Lottery,2019-06-29,EUR
rssv37mdk8,3120236711,NZ,2000-04-09,tv,,,Bingo,2018-02-15,NZD
izhe99bpp1,8089534537,SE,1986-03-12,facebook,,,Games,2014-04-14,SEK
91wqomcb9x,9648377048,PL,1954-12-05,newspaper,,,Lottery,2015-08-24,
qe6elw1qtn,7414014998,PL,1966-02-24,web,,,Bingo,2012-07-10,
htw2ablisg,6602260253,AT,1991-02-12,direct,,,Bingo,2015-02-24,EUR
2hpkbs7u0s,4154827763,PL,1992-04-25,facebook,2020-11-18,2029-06-23,Bingo,2013-07-24,
9uii6l2tsh,4167573353,ES,1975-07-04,newspaper,,,Games,2017-02-25,EUR
xpe11bbixf,4319489037,DE,1969-01-11,newspaper,,,Games,2017-07-16,EUR
pgtilaswu3,1919609615,PL,1992-08-27,newspaper,,,Games,2019-03-25,
k071b5zg7n,1817914683,PL,1974-02-20,tv,,,Lottery,2019-10-16,
iza9mtjsgg,9161143085,ES,1945-06-29,newspaper,,,Bingo,2010-04-15,EUR
b9uani37ku,9123198269,EE,1957-10-14,web,,,Scratchard,2016-09-19,EUR
4mz1bxi2zg,6950960500,ES,1967-05-01,tv,,,Games,2014-08-03,EUR
vksgp9f5w6,9383894093,PL,1950-04-25,web,,,Sportsbook,2013-04-29,
7fe124sb49,3625485559,DE,1972-07-04,newspaper,,,Lottery,2011-05-16,EUR
vffng7rkyf,8683467958,SE,1942-08-19,newspaper,,,Sportsbook,2014-11-25,SEK
8xza5ei2sh,1074763648,SE,1984-10-13,newspaper,,,Bingo,2021-10-31,SEK
yr9x2yns2x,9924350063,PL,1995-07-09,direct,,,Lottery,2020-02-27,
0hw2vcv6ru,2142867327,ES,1990-04-02,web,,,Lottery,2014-07-03,EUR
ctfttwjskg,8395845941,SE,1977-07-12,newspaper,,,Sportsbook,2010-10-23,SEK
m0gqqdanxb,3229561613,ES,1975-08-09,direct,,,Bingo,2013-09-06,EUR
wpam1pvbch,4757794143,AT,1979-07-27,web,,,Games,2017-08-16,EUR
ruccgt4pgy,1071849434,PL,1971-05-20,direct,,,Bingo,2013-02-10,
jw78m86hct,8727886641,EE,1940-06-27,newspaper,,,Lottery,2017-05-10,EUR
lvfqgbsemd,6939238903,NZ,1954-11-18,direct,,,Bingo,2010-02-06,NZD
nvwfobmljc,1491679158,DE,1952-03-22,facebook,,,Lottery,2019-02-11,EUR
ifdh87v7li,4085356648,AT,1980-05-18,tv,,,Games,2012-09-17,EUR
ov0ggei6ir,6819231534,NZ,1997-03-09,direct,,,Scratchard,2018-02-04,NZD
rlc5zvpch8,5508268742,RO,1973-03-09,facebook,,,Scratchard,2020-08-11,
j5ikwzyqc9,8197749281,SE,1971-05-29,web,,,Scratchard,2016-08-07,SEK
dom4taq4kf,6757211987,DE,1954-05-23,direct,,,Scratchard,2015-06-05,EUR
bg9u20elu9,8253611796,ES,1977-12-01,facebook,,,Bingo,2016-01-07,EUR
2tcyn6gb8r,2065130619,PL,1971-08-25,web,,,Games,2018-11-09,
4uo22ja9fz,7877484586,PL,1958-06-15,tv,,,Sportsbook,2021-03-01,
xhud2k84ge,8319163953,PL,1961-07-07,tv,,,Scratchard,2021-04-27,
uk68onu65x,8872640962,NZ,1941-08-12,tv,,,Scratchard,2017-08-29,NZD
nap5brodj8,8964586634,SE,1950-09-26,newspaper,,,Sportsbook,2010-11-05,SEK
c7dlpbjpuz,4521880467,DE,1981-12-09,direct,,,Scratchard,2012-03-08,EUR
wvran37gog,5932142067,NZ,1997-09-26,tv,,,Bingo,2020-11-27,NZD
d4u2d21ny3,6240452481,PL,1954-04-22,direct,,,Scratchard,2014-08-13,
66y4d457ea,2826791451,AT,1955-10-13,facebook,,,Lottery,2018-01-05,EUR
xtmxokoftg,4225726186,DE,1991-11-14,newspaper,,,Sportsbook,2014-11-18,EUR
jvi5t4no0w,8954649603,SE,1981-12-12,tv,,,Sportsbook,2015-04-20,SEK
7kdb18g2vr,9762320595,EE,1984-10-08,facebook,,,Scratchard,2011-02-18,EUR
44x9i0q106,8991114912,SE,2000-01-24,tv,,,Games,2011-04-26,SEK
jkiv1r0i9x,3405417598,PL,1987-03-20,tv,,,Bingo,2016-09-29,
zorou5zsdk,4570265314,ES,1998-11-26,web,,,Sportsbook,2020-11-20,EUR
jj8xrcxrp6,5334787429,RO,1964-12-02,newspaper,,,Bingo,2017-12-07,
cadc1z1vwj,5811282760,SE,1994-06-13,web,,,Lottery,2013-08-25,SEK
wa17qps2dk,1753309400,EE,1977-07-09,web,,,Sportsbook,2018-06-16,EUR
enj5xrc51x,9861904236,SE,1957-05-09,web,,,Scratchard,2021-05-30,SEK
rdx3lwfzz3,6687325310,EE,1998-09-25,newspaper,,,Sportsbook,2014-04-08,EUR
doqq2btzyb,9697920754,SE,1975-06-30,web,,,Bingo,2017-03-29,SEK
91pkj8ei4i,1802383654,NZ,1965-07-01,tv,,,Scratchard,2020-05-18,NZD
7hg3vdrpqn,4878137000,EE,1981-07-27,newspaper,,,Sportsbook,2015-05-11,EUR
iqldb8ik0w,4447471264,DE,1968-03-19,tv,,,Lottery,2013-03-13,EUR
l0kfspzai1,5313307886,NZ,1983-09-12,tv,,,Bingo,2021-02-22,NZD
gnq1y05a1s,2693212479,AT,1943-07-17,web,,,Lottery,2021-05-07,EUR
rq2ey30ta2,1899873539,NZ,1975-08-09,web,,,Games,2020-09-14,NZD
9xnz7lkem6,2153922776,PL,1990-04-19,web,,,Scratchard,2012-10-18,
em15rx53qg,6424111008,PL,1978-07-07,tv,,,Games,2016-03-02,
15cclailj5,2320840478,PL,1961-05-20,facebook,,,Scratchard,2012-09-03,
ybxzumspvv,7198372054,EE,1970-05-07,tv,,,Sportsbook,2019-10-31,EUR
jbweku2wi1,5215092720,EE,1987-08-06,newspaper,,,Bingo,2014-12-09,EUR
5t0drt2djc,2384706059,SE,1957-02-24,newspaper,,,Games,2019-06-23,SEK
yjo42cxtrn,8987661596,EE,1959-03-11,tv,,,Sportsbook,2013-08-09,EUR
unzlg8cama,4479770352,AT,1975-12-24,tv,,,Scratchard,2014-10-15,EUR
l5tm7jhm8l,8191162120,AT,1986-07-26,facebook,,,Bingo,2014-10-24,EUR
v3aowyasvh,7539629902,PL,1998-07-26,direct,,,Games,2015-12-21,
lekjc0hwht,3545184673,EE,1947-04-17,tv,,,Sportsbook,2012-03-04,EUR
zloaowbu80,5990831768,NZ,1975-05-08,tv,,,Scratchard,2013-11-01,NZD
e02a1o31xr,6051224684,NZ,1955-12-14,newspaper,,,Scratchard,2013-07-17,NZD
ggz2332tvl,3925295409,ES,1972-05-26,direct,,,Games,2019-09-01,EUR
xvn1to9kem,5320553803,DE,1945-09-12,newspaper,,,Sportsbook,2011-09-29,EUR
n4v1f1p175,9977516550,EE,1979-01-04,facebook,,,Bingo,2020-01-25,EUR
asxt1jiv0i,1348061482,RO,1963-01-10,newspaper,,,Games,2018-03-09,
ssi4tidptj,5261641749,SE,1941-01-23,tv,,,Sportsbook,2020-09-26,SEK
2uvlqt5s2s,9501354476,ES,1995-04-19,facebook,,,Games,2018-12-08,EUR
kgwsmeydrx,7843202547,DE,1940-02-12,newspaper,2019-04-22,2031-10-17,Lottery,2011-08-28,EUR
aztsstrfei,7375289060,NZ,1990-07-02,tv,,,Sportsbook,2013-10-16,NZD
ahmbj4m0mr,2800179301,ES,1973-05-26,newspaper,,,Scratchard,2016-06-03,EUR
voldlq5nks,7910929361,NZ,1965-07-21,web,,,Bingo,2011-03-14,NZD
05te057kdk,7130953524,PL,1979-07-26,facebook,,,Lottery,2016-12-31,
yyfc5xy95t,3202751815,EE,1986-02-26,newspaper,,,Scratchard,2020-02-19,EUR
52y8ktrci9,6531370651,ES,1977-02-19,tv,,,Lottery,2013-03-17,EUR
t8x0ns5s5d,3673910263,SE,1965-05-28,web,,,Lottery,2010-09-06,SEK
bxb6s8ivmz,7934190511,ES,1958-04-06,tv,,,Sportsbook,2021-03-07,EUR
1r7rsa18w6,1315332882,PL,1992-11-15,direct,,,Scratchard,2021-04-08,
5lmtwd5xqg,4625963827,PL,1943-02-11,direct,,,Games,2018-06-16,
9kqrbcuxtz,7760271911,ES,1992-02-01,tv,,,Sportsbook,2019-01-19,EUR
k4kzvz78jo,2723177118,ES,1976-09-07,newspaper,,,Bingo,2016-01-15,EUR
22uh7tg9un,4060459252,SE,1947-11-20,direct,,,Lottery,2018-06-19,SEK
nz5yedz83g,2708965235,AT,1946-02-19,web,,,Bingo,2021-03-04,EUR
w16a4owwcg,9233207489,SE,1948-02-03,facebook,,,Sportsbook,2018-11-14,SEK
iijqzmwi19,7860355714,PL,1983-03-05,newspaper,,,Bingo,2020-03-10,
2zptz5igdq,4964485362,EE,1974-08-18,tv,,,Scratchard,2010-02-28,EUR
9f2yg7q6k9,6958065571,RO,1964-01-22,tv,,,Bingo,2010-08-11,
2vottqwdxp,7716028867,SE,1977-09-14,newspaper,,,Sportsbook,2010-08-23,SEK
zx6l7fdlxj,8965654772,NZ,1953-01-07,newspaper,2020-10-25,2023-04-12,Scratchard,2011-09-20,NZD
josgy8a7c4,9649663091,SE,1950-09-27,tv,,,Games,2019-07-11,SEK
vzistopbzz,4663468439,NZ,1982-04-06,facebook,,,Sportsbook,2011-06-20,NZD
mjjycdil4q,9137324017,AT,1980-07-20,newspaper,,,Lottery,2010-10-20,EUR
b7224k5xcx,8981481727,EE,1950-08-27,web,,,Sportsbook,2018-05-27,EUR
5nrofmqm46,3536879161,NZ,1954-12-03,facebook,,,Sportsbook,2014-07-03,NZD
9tjdkzlbq5,3756539045,NZ,1957-08-04,web,,,Bingo,2019-12-28,NZD
r3tf0qzww0,8892408786,NZ,1997-06-14,newspaper,,,Lottery,2021-02-17,NZD
d519bzkrcj,6955467978,ES,1947-08-26,web,,,Scratchard,2010-11-07,EUR
vceaocdm4e,2815548609,EE,1943-08-05,newspaper,,,Bingo,2018-05-09,EUR
2z3y52fnbj,7414997384,SE,1996-10-02,tv,,,Scratchard,2019-09-03,SEK
9qgt20gfx1,8628705878,EE,1946-02-19,direct,,,Games,2018-06-23,EUR
amh8jhyafu,4831091818,NZ,1948-09-18,newspaper,,,Bingo,2019-09-11,NZD
jcrba1pllq,8032458306,DE,1996-04-24,newspaper,,,Scratchard,2012-04-07,EUR
09tg20ch31,8863136498,SE,1985-06-13,facebook,,,Games,2016-09-11,SEK
alb4ztnxqt,1851253707,PL,1943-09-20,direct,,,Bingo,2017-09-06,
tnd3aqtz95,6734549224,RO,1962-09-25,facebook,,,Scratchard,2012-02-17,
qspahhry2j,7422054146,RO,1983-07-23,facebook,,,Lottery,2012-02-18,
qfc5hpez9m,4163739670,RO,1984-01-18,direct,,,Bingo,2015-09-26,
l1mk6sw87e,4829698086,PL,1966-08-18,newspaper,,,Lottery,2012-04-07,
x8fql7o3of,6712940409,RO,1944-11-10,direct,,,Sportsbook,2011-09-30,
mbx7u1pfe4,3759344205,EE,1955-07-20,newspaper,,,Sportsbook,2020-06-17,EUR
58mg56c3kp,8243894495,DE,1940-03-22,tv,,,Games,2016-05-02,EUR
15c3zchgf5,4034830897,AT,1983-10-21,facebook,,,Games,2019-06-02,EUR
g8zaigkgbs,7004871464,ES,1990-10-17,direct,,,Sportsbook,2012-12-28,EUR
6mjb9tjy35,1744417332,DE,1985-07-29,newspaper,,,Lottery,2014-01-14,EUR
eqk4tmttv1,2432121753,NZ,1980-11-08,direct,,,Games,2016-11-30,NZD
b11fnnwlfs,3392437624,PL,2000-10-20,web,,,Scratchard,2018-11-29,
ak23yiwv0w,9237289851,DE,1999-12-13,direct,,,Sportsbook,2010-06-15,EUR
loy84zyw28,7659913522,PL,1964-07-13,tv,,,Sportsbook,2016-04-06,
fowohno7w6,2886671673,RO,1992-03-16,newspaper,2020-02-08,2027-10-02,Scratchard,2020-01-06,
kopa9hxaic,7620204911,RO,1981-05-20,facebook,,,Lottery,2011-12-15,
uehq8nzkbt,9384357723,NZ,1964-06-09,newspaper,,,Sportsbook,2019-08-05,NZD
4cm4p9vxrw,6486077772,PL,1979-05-21,web,,,Scratchard,2015-02-20,
vf59lzxgrn,5649881802,AT,1955-05-23,direct,,,Sportsbook,2018-10-07,EUR
p8k7hcuxwb,3989308925,PL,1951-02-10,web,,,Games,2012-02-04,
zxfz251tyb,2497988312,SE,1973-06-11,facebook,,,Bingo,2017-04-23,SEK
j2uemn345w,2873088390,ES,1972-05-26,web,,,Lottery,2021-11-24,EUR
ocu2c6lmje,8824775593,EE,1951-07-25,direct,,,Bingo,2014-09-13,EUR
5n4mqbz1c3,9913484834,ES,1967-02-10,direct,,,Scratchard,2019-01-16,EUR
axrao9mp5b,1187887960,NZ,1987-04-18,facebook,,,Games,2015-04-19,NZD
gjgpbn2s09,6502642559,AT,1995-02-08,tv,,,Lottery,2016-12-14,EUR
h6htdmyita,3069121875,SE,1994-12-23,tv,2019-08-03,2029-01-21,Bingo,2013-07-17,SEK
9cz1p5bjwb,1567761365,ES,1950-12-02,facebook,,,Lottery,2015-11-22,EUR
wlmmj1467t,7607172937,PL,1976-02-16,web,,,Bingo,2020-01-14,
rs7mkgp3nh,7730005491,EE,1969-03-03,web,,,Sportsbook,2015-01-03,EUR
nalvdgnyr8,3477828375,ES,1968-12-30,web,,,Scratchard,2012-08-29,EUR
grmfvp315v,9209310152,PL,1952-01-27,web,,,Lottery,2013-08-12,
tv1c15lhdx,3993169407,RO,1968-05-25,direct,,,Games,2015-05-28,
73aou14unt,5632825369,AT,1943-10-09,web,,,Games,2016-03-16,EUR
y30iutwqed,5321193454,NZ,1948-07-16,tv,,,Scratchard,2010-06-09,NZD
7d0p8rll03,2555452617,EE,1958-12-06,direct,,,Games,2014-04-24,EUR
4qhiquzr96,4249915854,ES,1976-03-08,newspaper,,,Games,2021-01-14,EUR
s9c2gm5dh2,4992001157,RO,1998-04-17,web,,,Lottery,2014-08-02,
n2pvxd6wz2,7227399558,DE,1959-10-28,tv,,,Sportsbook,2012-11-21,EUR
2tdt2s4t4g,2049153692,SE,1951-08-25,direct,,,Sportsbook,2014-07-03,SEK
j5w9mgzzes,6643546114,AT,1946-10-18,tv,,,Bingo,2014-05-30,EUR
8j32rbezmf,8846366373,EE,1960-08-03,web,,,Games,2012-10-02,EUR
h5qsk047sn,4286934622,EE,1945-10-23,tv,,,Sportsbook,2020-01-06,EUR
wdhe6aoae2,2280860969,AT,1986-07-22,newspaper,,,Scratchard,2012-09-06,EUR
b1duwjzp6s,5489947958,DE,1947-09-01,newspaper,,,Lottery,2018-01-16,EUR
x1m4mpfp1n,3611613045,EE,1962-02-19,web,,,Bingo,2014-08-27,EUR
r1xa9s20q8,9144089115,SE,1946-09-04,direct,,,Bingo,2015-04-06,SEK
iraneaxpwe,1173943570,PL,1942-03-04,tv,,,Bingo,2010-05-04,
fz5ilhf2c5,2788649998,SE,1953-04-19,facebook,,,Bingo,2015-12-15,SEK
gas4fwgpnj,2400042258,RO,1992-06-29,tv,,,Sportsbook,2017-11-27,
htz8ze6ggd,2057158538,DE,1955-11-28,facebook,,,Games,2013-03-31,EUR
zfdm4jhbs5,4609056780,RO,1977-08-13,web,,,Games,2012-05-07,
nl8zze9ho4,4908197324,DE,1977-04-07,newspaper,,,Scratchard,2016-04-18,EUR
p6nkdl0hf0,2875389074,ES,1943-01-12,web,,,Lottery,2013-06-11,EUR
t2ps6g4i5h,7887921094,DE,1952-01-24,web,,,Games,2012-11-08,EUR
lji6yk0oro,6009338965,ES,1996-02-11,tv,,,Bingo,2020-10-03,EUR
af0sz65jtn,4304161254,AT,1992-09-23,newspaper,,,Scratchard,2017-08-22,EUR
ciz2qf6r1f,3589643214,ES,1953-11-06,web,,,Lottery,2017-02-03,EUR
ix0qmbk3p7,4219318204,RO,1983-09-29,newspaper,,,Sportsbook,2011-05-11,
z04p57ukxs,1401279702,DE,1976-12-08,web,,,Bingo,2019-09-25,EUR
kmn7dwhffk,7015291220,ES,1968-06-30,newspaper,,,Bingo,2014-12-16,EUR
0r1kf7ge38,4879337649,SE,1981-05-20,facebook,,,Lottery,2020-04-11,SEK
rlu1fjlgy4,7220156559,AT,1979-12-30,facebook,,,Bingo,2017-10-15,EUR
hd0kbaa1pr,9619987381,SE,1977-02-26,tv,,,Bingo,2017-08-08,SEK
ypn0ake4de,2666911961,RO,1950-03-11,newspaper,,,Games,2011-05-21,
jcasm910vl,6851586773,AT,1961-10-05,web,,,Scratchard,2017-09-02,EUR
3ndbw300w0,3868040170,PL,1997-01-12,direct,,,Games,2018-09-01,
fvsxvg6udz,7427534630,PL,1947-05-29,facebook,,,Scratchard,2014-01-18,
tvpovfgk47,4502838895,RO,1982-09-09,direct,,,Scratchard,2020-03-29,
scmn82tuh5,9187053437,DE,1995-04-29,direct,,,Sportsbook,2012-02-03,EUR
kvanvf1l8a,3172417116,ES,1953-02-28,facebook,,,Bingo,2017-06-05,EUR
c9htvaq3id,4879856339,RO,1946-08-04,direct,,,Games,2016-10-24,
eminoa1z5w,8960039152,SE,1960-12-08,newspaper,,,Games,2018-08-19,SEK
w1xod0h5dl,5282226078,NZ,1941-01-29,tv,,,Bingo,2013-01-16,NZD
flmnyxv2he,6894357758,SE,1978-11-17,newspaper,,,Scratchard,2011-11-24,SEK
ua64c8jeg9,3982636771,EE,1989-03-07,web,,,Lottery,2011-09-10,EUR
a5mv3kefab,7222960171,PL,1944-01-30,newspaper,,,Games,2011-02-24,
styagm31sl,4071816233,EE,1992-08-17,direct,,,Scratchard,2019-11-29,EUR
pc837he401,4224531105,AT,1942-05-22,web,,,Games,2017-05-05,EUR
7hm7akbqcy,7960859397,RO,1962-12-01,web,,,Bingo,2016-12-23,
avjfocenxy,1391642687,PL,1982-03-18,tv,,,Lottery,2021-08-30,
hol87r8jtb,7140386835,RO,1952-02-17,web,,,Sportsbook,2018-03-25,
26a5qc07an,7946201393,SE,1993-10-20,tv,,,Scratchard,2016-12-06,SEK
b9kfl0u1qf,5721867428,AT,1986-05-23,newspaper,,,Sportsbook,2013-01-20,EUR
7tswgivbvz,1665025341,NZ,1969-10-06,facebook,,,Bingo,2017-01-31,NZD
rj232oe550,3604687614,SE,1960-05-28,facebook,,,Games,2019-05-23,SEK
54ctlj4bwx,9143053710,RO,1968-05-11,web,,,Scratchard,2017-03-31,
i0g6l8aujk,2997128862,NZ,1955-02-03,facebook,,,Lottery,2017-03-21,NZD
w1igfgkwmx,7401325702,AT,1952-12-27,direct,,,Bingo,2012-04-19,EUR
n454k0t001,6095038289,NZ,1965-07-08,web,,,Games,2014-04-08,NZD
b70f2333sx,8813009515,NZ,1988-03-28,newspaper,,,Games,2015-03-11,NZD
qfklpz8th8,4105801839,EE,1967-01-17,direct,,,Lottery,2017-03-30,EUR
evpytf2ebt,3197580905,RO,1967-09-15,newspaper,,,Scratchard,2013-01-23,
9su5qw894r,6968684654,SE,1944-09-21,direct,,,Games,2019-08-31,SEK
yyxf2nezx5,9753875177,EE,1955-07-25,tv,,,Games,2020-12-10,EUR
dzxpj0eicb,9576714078,AT,1988-10-20,web,,,Games,2013-07-31,EUR
yf86l4dg71,6173879323,SE,1960-05-15,newspaper,,,Scratchard,2010-05-20,SEK
ed58hjcijs,5963893341,ES,1941-07-31,direct,,,Games,2010-08-03,EUR
bqzy7am763,2566905445,ES,1986-04-12,facebook,,,Sportsbook,2018-07-06,EUR
znjnvf4ttg,4567655299,SE,1942-04-17,direct,,,Games,2013-10-13,SEK
90mt8ywpwi,8802835442,NZ,1980-03-18,newspaper,,,Lottery,2019-01-12,NZD
1pmsr8zsqc,9134238552,PL,1954-07-14,newspaper,,,Bingo,2013-08-08,
89crsvy9yy,4135393607,DE,1969-11-24,web,,,Scratchard,2012-04-22,EUR
mt1vwbtsl9,6448871425,SE,1974-07-24,direct,,,Scratchard,2012-04-16,SEK
nq4kiyu7s8,2605699635,EE,1974-08-21,tv,,,Sportsbook,2017-02-08,EUR
i1llpq24nt,3755701106,ES,1990-07-17,tv,,,Sportsbook,2011-08-19,EUR
20j21o6hio,9406796098,EE,1978-05-11,web,,,Games,2018-02-11,EUR
o1xbmxn1f8,2929604125,PL,1957-02-19,tv,,,Lottery,2011-05-16,
edj26vhem4,5307520758,ES,1951-04-15,facebook,,,Games,2021-07-13,EUR
vrvb1hlpia,1220725533,ES,1948-04-05,web,,,Bingo,2016-05-05,EUR
rjx2xqe2w3,4247278145,PL,1961-01-04,newspaper,,,Games,2017-02-03,
ifs76cnqkm,9329873881,AT,1969-11-23,web,,,Scratchard,2019-03-02,EUR
xlsrithpns,6959737216,ES,1994-04-28,facebook,,,Scratchard,2010-04-16,EUR
mdwvxpxkyi,3663720933,DE,1993-05-18,web,,,Sportsbook,2020-07-29,EUR
7ui3bamtxl,2631000445,ES,1952-03-12,tv,,,Scratchard,2020-09-18,EUR
g91q31myb3,6266518346,PL,1952-08-28,web,,,Games,2014-09-05,
8tkwx95ii7,5872042602,SE,1997-11-04,tv,,,Lottery,2018-12-17,SEK
hw1coq8clp,3331283699,PL,1967-04-25,tv,,,Bingo,2011-09-12,
hvg2iwlqwc,6486256426,NZ,1986-06-06,tv,,,Scratchard,2012-05-02,NZD
m2fbl50cbh,5251985217,AT,1953-12-01,facebook,,,Lottery,2017-01-14,EUR
1p25zei8pp,7564442303,PL,1955-04-10,newspaper,,,Lottery,2011-12-04,
ssajn5q70l,2426669052,PL,1961-08-11,tv,,,Scratchard,2021-06-29,
co40aoczkf,1543081705,DE,1995-08-04,direct,,,Sportsbook,2014-05-25,EUR
idzkt07za7,2799796389,AT,1961-08-15,direct,,,Lottery,2015-07-09,EUR
irxbgcel0q,9310218208,DE,1996-01-13,web,,,Sportsbook,2013-10-18,EUR
wvmvlbi9jj,9753830378,NZ,1975-04-13,facebook,,,Sportsbook,2013-08-26,NZD
ptxthf9vjf,6737484067,ES,1959-08-18,newspaper,,,Sportsbook,2021-02-05,EUR
2bvqbqtlqz,9941847462,ES,1993-09-08,tv,2019-04-15,2026-03-05,Lottery,2012-11-08,EUR
fysdvymsy9,8677536247,DE,1955-07-05,facebook,,,Games,2011-05-18,EUR
3hyuq7kdcn,8286044987,SE,1962-06-20,direct,,,Lottery,2013-06-29,SEK
el1vvk5oac,5504404257,SE,1951-04-20,newspaper,,,Lottery,2019-08-09,SEK
gtnj087o0j,6113320792,EE,1984-05-05,tv,,,Scratchard,2018-04-20,EUR
kcy2ck1lyq,8879649469,AT,1940-12-18,direct,,,Sportsbook,2014-07-21,EUR
fm02oklqng,1110851301,ES,1952-07-25,tv,,,Lottery,2017-06-25,EUR
nd4uk3k5cv,6603457419,DE,1999-01-19,facebook,,,Games,2015-08-16,EUR
1apslfataj,8387480307,AT,1944-03-08,tv,,,Lottery,2010-07-19,EUR
35y3galqby,6923954188,NZ,1998-10-30,direct,,,Lottery,2016-03-28,NZD
sd9i79q6bq,7687349501,SE,1967-09-01,direct,,,Scratchard,2012-01-31,SEK
cp92cam8l1,7918009044,AT,1944-02-29,direct,,,Scratchard,2014-03-23,EUR
h2jwy33h4t,1056774753,EE,1950-09-06,web,,,Games,2020-02-02,EUR
w42itaosdi,9477306913,SE,1974-04-09,tv,,,Scratchard,2015-05-10,SEK
yw6rvay1op,7128077773,NZ,1956-12-08,facebook,,,Bingo,2017-11-01,NZD
o113kcug35,4724544883,ES,1980-05-04,web,,,Sportsbook,2017-09-09,EUR
zvydn7xjj8,9617608846,AT,1949-06-25,web,,,Scratchard,2017-06-19,EUR
mqd5bmddaw,7724732802,AT,1966-02-19,tv,,,Scratchard,2015-02-16,EUR
4algno2zcu,7161799269,DE,1953-02-23,direct,,,Bingo,2011-02-05,EUR
btoy4fwzle,1407937647,RO,1974-10-03,web,,,Scratchard,2015-03-06,
obz27bl5s1,6175894664,SE,1977-12-01,web,,,Scratchard,2017-05-29,SEK
8399p3hwim,1225443491,RO,1990-09-25,facebook,,,Bingo,2019-04-23,
n23xbbkki1,1797698393,RO,1977-12-28,facebook,,,Scratchard,2014-08-08,
q77hiv6xtk,2049342450,EE,1963-04-02,tv,,,Sportsbook,2012-06-13,EUR
fzhhx67kkj,3036605361,AT,1964-01-04,facebook,,,Sportsbook,2018-08-20,EUR
qmnob6p99n,9293758692,ES,1955-03-11,tv,,,Games,2015-02-17,EUR
d4k9stsn6l,4356217318,ES,1973-03-17,newspaper,,,Bingo,2014-12-10,EUR
ubmg8gh1ch,2951163226,SE,1985-04-06,newspaper,,,Lottery,2014-10-28,SEK
uwllhng7d8,8250468647,EE,1979-03-16,web,,,Lottery,2011-12-31,EUR
6mm7kbrakx,8755587349,PL,2000-04-23,web,,,Sportsbook,2018-07-27,
elorhd2f27,9311172845,NZ,1993-11-11,facebook,,,Lottery,2010-07-03,NZD
2gs4l50uyz,2649043767,EE,1970-05-16,facebook,,,Games,2016-09-05,EUR
mqu6oia6fv,3542098940,EE,1992-11-10,facebook,,,Games,2012-11-04,EUR
x2nm2wcjoy,9302723313,SE,1943-09-23,direct,,,Sportsbook,2014-09-29,SEK
5i7cwq2alh,6593724222,DE,1944-08-02,web,,,Bingo,2016-06-13,EUR
q3huaaatul,9488610679,EE,1962-01-13,tv,,,Games,2017-01-23,EUR
1br3apdhoy,4822429682,AT,1961-10-20,tv,,,Scratchard,2019-03-15,EUR
izqqn0mg2g,5729769708,PL,1952-06-09,tv,,,Bingo,2012-07-08,
uat504rjfg,7395233439,SE,1999-09-07,newspaper,,,Bingo,2015-02-23,SEK
e9ehsirhs6,2598048600,SE,1988-08-29,direct,,,Games,2016-07-07,SEK
fo1hzdbedn,7204275743,DE,2000-09-01,tv,,,Sportsbook,2018-11-23,EUR
oioh8d8r0m,7398086589,SE,1998-12-09,tv,,,Sportsbook,2011-07-05,SEK
bmfl2ensqn,5042213040,SE,1973-03-31,web,,,Lottery,2012-08-04,SEK
04ysyi4log,8284846896,RO,1955-04-05,tv,,,Games,2012-04-17,
eugj0rpysa,2986326032,SE,1941-11-30,web,,,Scratchard,2012-10-17,SEK
l2mw65uoif,5903388780,SE,1959-02-05,newspaper,,,Lottery,2015-09-01,SEK
ow9gqb7xdp,7251536930,AT,1995-12-31,facebook,,,Scratchard,2017-12-14,EUR
c5nfebolq3,8455498081,EE,1969-10-14,tv,,,Games,2012-01-04,EUR
1g0j29wbov,1259866000,NZ,1943-05-01,tv,,,Scratchard,2016-01-07,NZD
h43gm2fixy,9920690603,DE,1951-01-17,newspaper,,,Bingo,2012-12-06,EUR
ieafmjmskg,9901341834,ES,1985-03-02,facebook,,,Games,2021-11-27,EUR
d7550l5la2,4064042387,RO,1941-07-10,direct,,,Sportsbook,2010-11-27,
br8uwieikr,7935369112,ES,1976-02-02,web,,,Scratchard,2017-04-18,EUR
weyy9irew2,1377040479,EE,1989-06-24,newspaper,,,Bingo,2019-09-09,EUR
op15sailr1,1363350151,RO,1961-09-16,facebook,,,Lottery,2018-07-02,
zzyh9iy2p0,5088228455,NZ,1971-03-31,web,,,Sportsbook,2014-11-06,NZD
i4wpae4ka9,9562382785,RO,1959-05-06,tv,,,Lottery,2010-01-27,
a3tnzezkoh,7395026024,ES,1981-12-07,facebook,,,Lottery,2013-03-18,EUR
q4zxo56hoc,6896824707,DE,1942-01-14,newspaper,,,Lottery,2017-06-04,EUR
sreuke2zho,5269039539,ES,1947-02-23,tv,,,Scratchard,2010-04-13,EUR
z01wtjdqr8,7401563317,RO,1987-07-08,direct,,,Scratchard,2021-02-16,
qnar046gw8,8681455827,PL,1968-04-02,facebook,2019-11-18,2025-06-29,Scratchard,2014-09-28,
zffy4n8m1z,3142992964,RO,1976-04-23,newspaper,,,Lottery,2018-10-15,
jmysrsf6uw,9835187141,PL,1956-07-26,newspaper,,,Sportsbook,2013-07-25,
mam7xlip7l,4627619785,NZ,1942-02-17,direct,,,Games,2013-10-26,NZD
4og2mmvrn7,4224432131,EE,1954-02-11,direct,,,Sportsbook,2013-12-01,EUR
sobtre5uio,3636455228,NZ,1951-06-11,tv,,,Sportsbook,2012-10-16,NZD
8mmcwbnyac,8493185248,RO,1985-02-01,facebook,,,Sportsbook,2011-04-20,
j4khpfwtue,5272587414,ES,1982-07-27,web,,,Lottery,2011-02-22,EUR
8wmklcgqgb,9243318139,RO,1991-04-07,newspaper,,,Scratchard,2016-08-08,
lbwkge83bk,7704173390,AT,1986-03-06,tv,,,Bingo,2010-07-21,EUR
qnsbf7idfb,2329485190,DE,1963-12-12,facebook,,,Games,2010-01-10,EUR
acm0oq171n,7124160291,NZ,1982-06-20,facebook,,,Bingo,2020-11-07,NZD
s4dk1mbgfd,4838197394,RO,1948-01-13,facebook,,,Games,2013-12-21,
k3u5xj6fsw,3345013177,RO,1970-01-26,newspaper,,,Lottery,2021-07-23,
1vtzvk2qnt,7648851343,AT,1987-08-01,facebook,,,Bingo,2015-01-24,EUR
z0t8tnw1hn,7119410370,RO,1995-01-10,web,,,Games,2015-09-12,
chgrmtlcg2,6258052927,ES,1975-11-30,facebook,,,Games,2013-03-06,EUR
hl8xto0yql,4798520506,SE,1971-11-30,newspaper,,,Games,2012-02-14,SEK
w6igtedcwz,2055882670,ES,1970-03-28,direct,,,Lottery,2019-01-26,EUR
y6azcsgpae,2402014068,SE,1984-06-02,web,,,Sportsbook,2016-01-03,SEK
41ladqfyge,2376188704,NZ,1966-04-21,web,,,Games,2020-07-03,NZD
a8wmie1c0i,4364984233,DE,1979-06-06,web,,,Lottery,2011-06-26,EUR
g86uf30bfb,9223106184,DE,1980-03-29,facebook,,,Bingo,2013-06-18,EUR
92kqm0gnkb,4539857982,AT,1982-07-14,newspaper,,,Lottery,2018-06-29,EUR
2mkvvowkx1,4394147024,EE,1942-10-20,facebook,,,Sportsbook,2020-03-26,EUR
yqu69u9cwc,9409264590,RO,1941-01-13,web,2020-02-23,2024-04-25,Games,2012-09-14,
hl2fljwtdc,8882949245,PL,1995-07-19,facebook,,,Lottery,2015-06-26,
gnh776wn4s,1384358756,NZ,1977-02-13,newspaper,,,Bingo,2011-06-08,NZD
lspvhacb08,7276030383,DE,1998-04-05,newspaper,,,Lottery,2021-11-05,EUR
z07w3ojn8c,6129426904,PL,1966-04-16,newspaper,,,Bingo,2021-10-02,
nrw3qti22x,9494237535,PL,1969-05-09,tv,,,Sportsbook,2011-04-17,
fdbhud8hn1,4026382135,NZ,1985-05-21,facebook,,,Bingo,2019-12-09,NZD
hc2yjc6lme,6698854303,PL,1964-03-07,newspaper,,,Scratchard,2014-02-24,
srxb5ylk9x,8696116871,DE,1976-11-07,tv,,,Bingo,2020-12-02,EUR
xnktoeqakj,5776897577,NZ,1964-03-28,facebook,,,Lottery,2014-06-04,NZD
p131hf4mza,7152710287,DE,1989-09-09,direct,2020-08-29,2030-11-06,Scratchard,2017-09-05,EUR
ec2u2a4phh,2017100714,AT,1952-12-15,direct,,,Bingo,2015-05-08,EUR
niuqadxpp1,4981129877,AT,1941-01-28,facebook,,,Lottery,2017-07-23,EUR
3j06gfhnpb,1175477128,AT,1975-02-28,facebook,,,Scratchard,2013-12-14,EUR
yfrt88ma17,6455289545,RO,1943-02-15,facebook,,,Games,2017-12-14,
4zjpjhksdi,1263150848,EE,1966-03-09,newspaper,,,Scratchard,2020-06-09,EUR
peeg4zwqr6,6570464506,PL,1962-01-24,facebook,,,Scratchard,2017-07-21,
sankppez26,5352747602,NZ,1985-09-07,web,,,Bingo,2011-05-16,NZD
6g7wmtlvgh,4960388549,ES,1948-12-27,web,,,Scratchard,2020-10-21,EUR
p5d513w7mi,5755230391,PL,1964-06-15,direct,,,Games,2011-09-23,
1x43e9zhy4,4440280094,RO,1943-06-24,web,,,Bingo,2020-07-09,
uuy1vzqjfs,3557525996,NZ,1964-03-28,tv,,,Scratchard,2018-07-27,NZD
ry3luhrecm,3733469127,SE,1990-10-28,facebook,,,Scratchard,2014-10-08,SEK
bkr9jpvosg,6242157677,NZ,1950-02-15,direct,,,Games,2017-09-29,NZD
lamf5ofi50,5595521587,RO,1982-02-01,newspaper,,,Sportsbook,2017-03-19,
4wlxkl8v8w,8473025823,AT,1969-06-27,newspaper,,,Games,2010-08-23,EUR
mkiibkj648,7708163600,NZ,1979-06-15,tv,,,Games,2021-11-09,NZD
vmbbw9pgmx,8779051317,SE,1996-02-02,direct,,,Sportsbook,2012-08-27,SEK
e7xoxs3r6j,6682597356,ES,1990-08-27,facebook,,,Sportsbook,2013-05-16,EUR
bjaw6ini8m,5334159843,NZ,1958-04-05,direct,,,Bingo,2013-11-13,NZD
rwm7yetzve,6460500081,SE,1985-07-27,tv,,,Sportsbook,2013-04-18,SEK
kby5ceqdtp,1039530254,EE,1951-06-27,newspaper,,,Games,2020-10-30,EUR
b14vbnmczm,5410855127,ES,1964-11-09,newspaper,,,Sportsbook,2015-01-31,EUR
yvdc4rz8by,3210317840,PL,1991-11-24,tv,,,Sportsbook,2015-05-28,
22s2up9y72,2650853236,AT,1975-04-23,facebook,,,Bingo,2021-09-10,EUR
z4m1miuoyj,9461469132,PL,1946-01-17,tv,,,Lottery,2010-01-27,
ntnu3tabcl,1113772739,RO,1999-12-13,facebook,,,Bingo,2017-03-22,
vqo4rkh8sn,3271992562,AT,1981-04-21,facebook,,,Games,2014-12-15,EUR
3ehy0g3imr,4327394662,RO,1980-04-25,web,,,Lottery,2014-03-12,
mp3ibzdwd7,3561224330,NZ,1985-01-15,facebook,,,Bingo,2016-02-26,NZD
f38qtnx0x5,1350125524,ES,1999-04-04,newspaper,,,Scratchard,2021-12-28,EUR
637oethetg,9002053499,NZ,1994-03-14,newspaper,,,Lottery,2011-10-31,NZD
utvz3wnh39,4589005703,AT,1953-12-02,newspaper,,,Scratchard,2018-10-13,EUR
whi4wdtaqy,9090923541,NZ,1948-07-24,web,,,Sportsbook,2012-07-22,NZD
u7kkd291a9,1670574742,PL,1968-06-25,web,,,Lottery,2018-07-13,
ny1imme8if,3630477141,EE,1994-04-22,web,,,Games,2014-01-03,EUR
287esd2kwo,3570320410,NZ,1969-01-02,tv,,,Lottery,2017-08-26,NZD
va2ckr1z01,1217988677,DE,1952-12-28,tv,,,Scratchard,2011-03-31,EUR
84oib7acaa,2902091833,PL,1973-05-12,web,,,Sportsbook,2010-01-24,
ymt48h7g03,6767100191,NZ,1978-06-24,web,,,Sportsbook,2018-01-10,NZD
rrvjgjmyoj,8042777287,DE,1994-07-23,newspaper,,,Sportsbook,2015-04-11,EUR
f2k74zks2a,6718413299,RO,1967-09-30,direct,,,Games,2012-02-17,
1u3h1nqhdh,9520118148,NZ,1983-09-12,direct,,,Scratchard,2016-11-06,NZD
ra5q2my14g,5715781216,DE,1964-04-27,facebook,,,Lottery,2011-10-19,EUR
8unttec776,1799467633,EE,1983-07-16,facebook,,,Scratchard,2013-12-04,EUR
r0i7kkg4gx,6475014099,DE,1983-05-19,web,,,Games,2010-01-31,EUR
a6f00ogup5,2768924634,ES,1973-01-23,direct,,,Sportsbook,2019-11-08,EUR
vyp1xabegd,3530455256,NZ,1995-11-08,newspaper,,,Bingo,2019-11-28,NZD
woujqq4qhu,8410770892,PL,1976-03-16,tv,,,Sportsbook,2011-12-08,
cyntoxchty,3894866060,PL,1995-02-08,web,,,Lottery,2020-12-24,
7qsk1hkjy7,6004864613,EE,1984-06-28,facebook,,,Lottery,2017-05-26,EUR
xzr7w5s03t,3359424950,NZ,1991-11-29,tv,,,Bingo,2019-04-06,NZD
ntcggxsgp4,8381684178,DE,1985-03-21,web,,,Games,2018-02-22,EUR
yonf6zn53n,5640613392,RO,1994-03-10,newspaper,,,Lottery,2017-09-15,
n9y88xe8ih,2441178681,ES,1983-03-25,newspaper,,,Games,2010-02-01,EUR
i60thzqp0w,2482891095,NZ,1957-07-18,direct,,,Sportsbook,2015-12-09,NZD
vt3q9nd5a8,3561311808,ES,1953-01-05,web,,,Lottery,2020-12-13,EUR
rqyerqlwfz,7173990591,RO,1952-03-08,newspaper,,,Bingo,2021-02-28,
4yqrxgbzyc,9816051899,SE,1970-04-08,facebook,,,Scratchard,2021-09-06,SEK
vlrih4qqep,2757181653,DE,1943-04-05,direct,,,Lottery,2014-03-17,EUR
65n67yp52f,5723231781,ES,1947-05-16,tv,,,Bingo,2015-05-19,EUR
zcm7e4svtf,1855445009,AT,1942-11-17,newspaper,,,Scratchard,2010-06-10,EUR
oxatpqjwmm,4256102660,DE,1992-12-24,newspaper,,,Sportsbook,2017-02-12,EUR
6smrs9l4ji,1859485810,DE,1947-04-20,tv,,,Scratchard,2010-11-30,EUR
mto0n8368i,3703258041,DE,1961-12-05,newspaper,,,Scratchard,2013-06-15,EUR
mlva59pf3a,1993551460,SE,1968-12-22,facebook,,,Bingo,2016-03-29,SEK
5j62q3c066,3228956903,SE,1959-10-28,tv,,,Scratchard,2013-10-30,SEK
nhdi9vm0yc,2295691189,NZ,1955-12-07,facebook,,,Games,2017-07-23,NZD
s37j76rjef,5719638320,AT,1968-04-20,facebook,,,Games,2019-08-11,EUR
usgk0g2tgv,5180118709,PL,1997-08-03,direct,,,Scratchard,2018-08-18,
b959nc9l6x,2228736135,AT,1967-05-24,web,,,Games,2019-04-27,EUR
lpcp4m133y,3004740779,RO,1976-05-27,facebook,,,Sportsbook,2011-05-28,
qyboe4eryc,8452441052,SE,1994-03-11,newspaper,,,Scratchard,2012-11-22,SEK
wpo26wetg9,7120245757,NZ,1974-01-25,direct,,,Scratchard,2017-10-15,NZD
okzm6ola5t,3038568726,AT,1980-08-04,tv,,,Scratchard,2021-01-02,EUR
tkr79y43yl,9180273354,DE,1956-11-18,tv,,,Lottery,2013-11-30,EUR
rpobfkf5l2,9855025364,PL,1980-04-04,facebook,,,Bingo,2013-02-24,
vghsrc0agc,3240554066,SE,1998-01-11,tv,,,Bingo,2018-05-22,SEK
ihbuhk0dg0,2673716017,AT,1952-04-05,newspaper,,,Lottery,2010-11-25,EUR
edcvqf9c3y,5957497601,PL,1987-07-14,web,,,Scratchard,2021-05-08,
x2zk7ugjk4,5897164557,DE,1990-03-18,web,,,Games,2021-02-15,EUR
vu41czl5ow,7899414077,EE,1988-04-22,newspaper,,,Bingo,2014-11-15,EUR
winn1rujjv,5928185989,DE,1966-02-17,facebook,,,Sportsbook,2010-04-30,EUR
j05f1vr7b9,7839974907,AT,1995-04-20,facebook,,,Scratchard,2011-12-27,EUR
xutpnf3gdt,4842805879,NZ,1995-09-05,facebook,,,Scratchard,2018-02-13,NZD
bgyj1n006n,2558475640,NZ,1998-06-20,web,,,Lottery,2012-11-10,NZD
tzc8ecxmp7,6829921208,ES,1983-11-15,web,,,Bingo,2015-03-23,EUR
d1t9slrg78,9910321229,PL,1992-06-03,web,2017-11-02,2026-11-17,Sportsbook,2012-06-01,
201lr6umjp,2667302850,SE,1948-03-21,web,,,Sportsbook,2017-03-26,SEK
pvjz9j2cmr,5298229795,NZ,1996-03-03,tv,,,Bingo,2018-12-29,NZD
mldekna6zb,7366963306,RO,1946-06-03,direct,,,Scratchard,2019-05-01,
1q12p33xti,9536171022,NZ,1948-03-15,newspaper,,,Games,2020-07-06,NZD
y1hqqajm9s,6124735115,SE,1941-07-22,direct,,,Sportsbook,2014-02-04,SEK
ntti136rga,2788018481,RO,1947-08-04,tv,,,Bingo,2011-07-16,
mscujvt2lp,1835753942,ES,1974-03-11,direct,,,Lottery,2014-10-07,EUR
3vnl23db0z,6287176975,PL,1997-03-22,facebook,,,Games,2018-03-10,
7qc8xburnm,6653418070,AT,1959-04-19,web,,,Bingo,2013-09-24,EUR
uxflxx5u1b,6002979110,SE,1997-03-31,tv,,,Lottery,2018-10-04,SEK
adwg0gh9rb,6579146164,SE,1971-10-26,tv,,,Scratchard,2019-02-23,SEK
rs1tah8vll,3780726869,EE,1954-08-09,tv,,,Games,2013-05-27,EUR
pr1kd8ehzd,7168634930,SE,1951-12-11,web,,,Lottery,2018-04-11,SEK
5q2gducubf,5018626260,DE,1962-06-01,tv,,,Sportsbook,2011-06-28,EUR
tn9gbuadi0,1480124058,PL,1999-09-17,newspaper,,,Games,2020-10-24,
e7pycx17cq,4042740749,RO,1994-04-16,tv,,,Sportsbook,2015-06-19,
ngkxne3rde,7968512611,NZ,2000-05-11,tv,,,Scratchard,2021-06-24,NZD
xxkb2px9i2,7753111426,DE,1970-06-30,facebook,,,Scratchard,2021-01-05,EUR
ru544v7qbo,2270513421,NZ,1949-02-23,web,,,Bingo,2012-09-07,NZD
r2659g591m,1305270417,AT,1944-06-23,tv,,,Scratchard,2012-07-14,EUR
xawklqhp1a,2009742838,DE,1951-03-07,direct,,,Scratchard,2021-08-29,EUR
zdh8xf7m61,5440868831,SE,1960-04-07,newspaper,,,Lottery,2018-10-21,SEK
5rstl8hx5u,8811323256,NZ,1944-04-27,direct,,,Scratchard,2016-12-17,NZD
3ytzbgdeom,8806291039,ES,1945-11-18,facebook,,,Scratchard,2017-03-02,EUR
4l599j1ws2,7184209444,NZ,1994-03-17,facebook,,,Bingo,2018-06-29,NZD
ypxk2z881c,2720536088,NZ,1998-09-05,web,,,Games,2011-11-20,NZD
6j07edkdzd,4290862535,AT,1984-02-27,web,,,Lottery,2017-12-30,EUR
62nvjgiz5f,8214493674,DE,1994-02-01,facebook,,,Games,2015-08-09,EUR
fc9lx7vqqi,7480596887,EE,1999-07-18,web,,,Games,2018-04-19,EUR
zl3gwu42o5,5180640101,EE,1998-01-17,facebook,,,Bingo,2021-04-01,EUR
nu4ylwce8j,7977666971,RO,1978-08-19,web,,,Lottery,2016-10-11,
8ftl6w06b3,1725607938,EE,1971-10-09,facebook,,,Bingo,2021-09-11,EUR
btibxkf4f8,9623749151,ES,1962-02-09,tv,,,Lottery,2014-05-04,EUR
zdjmqnief9,1657964752,DE,1971-04-01,facebook,,,Bingo,2018-06-26,EUR
rsmpeix6ui,5704806589,SE,1982-05-06,facebook,,,Scratchard,2021-11-23,SEK
g090vwc9nv,5657458942,EE,1964-11-01,direct,,,Lottery,2014-10-11,EUR
he62ggkqop,5266326652,SE,1991-02-08,direct,,,Lottery,2013-01-26,SEK
mprkun12gj,8412694174,ES,1965-07-17,facebook,,,Bingo,2020-09-13,EUR
5m91u533bp,5719681004,RO,1947-09-14,newspaper,,,Bingo,2016-08-10,
3q3xuw4lkc,3719638472,SE,1993-05-15,newspaper,,,Sportsbook,2010-12-25,SEK
er7clbqhaa,3568394052,PL,1951-07-05,tv,,,Bingo,2021-06-16,
0xmenggai3,9158396250,EE,1998-05-31,newspaper,,,Scratchard,2016-06-09,EUR
1eoj0e0jeq,8404036403,AT,1956-05-16,direct,,,Bingo,2013-02-11,EUR
fuqda3lnhh,7009977809,NZ,1957-09-08,direct,,,Lottery,2011-06-19,NZD
ijw2fqyx0d,6725423820,RO,1993-05-17,facebook,,,Lottery,2017-02-08,
2ai8b5rt5s,2258686032,NZ,1962-03-11,facebook,,,Sportsbook,2013-08-10,NZD
pnw10qpnxl,5001772424,PL,1965-10-11,facebook,,,Sportsbook,2015-07-01,
gb2rp6w1yy,9630861695,PL,1953-05-28,facebook,,,Sportsbook,2018-10-27,
chqcr0qxgg,8212304711,SE,1999-09-02,facebook,,,Sportsbook,2013-11-04,SEK
2guutcc0gv,9563018833,EE,1980-09-23,direct,,,Sportsbook,2012-12-03,EUR
dt8lh5fuue,9751017515,SE,1999-07-26,newspaper,,,Lottery,2016-07-28,SEK
aaynld18zm,2381191860,EE,1979-01-02,direct,,,Bingo,2011-07-02,EUR
rj76ca3luy,4353601507,AT,1975-02-15,tv,,,Sportsbook,2021-02-16,EUR
r63ysves70,7599120247,SE,1997-08-05,web,,,Lottery,2020-07-15,SEK
dkmypuq7ir,6887687007,NZ,1946-12-01,facebook,,,Scratchard,2015-10-18,NZD
9axf9h8lms,7139669830,NZ,1992-09-01,facebook,,,Scratchard,2015-08-15,NZD
2e990hfb31,1923617176,PL,1977-08-18,web,,,Games,2017-07-03,
rlnt4sd22t,5577302403,DE,1949-09-22,direct,,,Sportsbook,2015-06-23,EUR
2w42trpsoy,9560331032,DE,1945-07-28,newspaper,,,Games,2011-09-19,EUR
5o8h7u2yb6,7550564954,AT,1946-11-09,direct,,,Sportsbook,2017-07-12,EUR
8kx0jqbj3c,9423618444,NZ,2000-12-14,newspaper,,,Lottery,2012-04-01,NZD
q775hm1a0p,7038684572,RO,1962-09-19,direct,,,Sportsbook,2021-10-17,
l6n3to4at1,3180083415,ES,1970-10-27,tv,,,Games,2015-10-26,EUR
ofr81wburw,9799710372,RO,1956-11-19,direct,,,Sportsbook,2017-05-22,
oneh08q7bi,4349469328,EE,1954-11-16,web,,,Lottery,2021-07-14,EUR
ono5ak2236,1101433139,ES,1974-12-27,tv,,,Lottery,2020-04-07,EUR
2t37wvgfj3,2102129472,DE,1989-06-30,facebook,,,Games,2013-11-03,EUR
m39kbpua0b,2277854666,ES,1971-12-16,newspaper,,,Games,2018-10-29,EUR
1pibxvs6ho,4622252570,RO,1973-04-21,tv,,,Bingo,2021-01-13,
cp9jg04smf,2752259310,EE,1966-08-05,direct,,,Lottery,2010-06-11,EUR
1p5vbodvxb,5201986063,AT,1951-03-26,newspaper,,,Scratchard,2010-09-26,EUR
9k6pwiv0ue,7609587639,NZ,1997-10-25,newspaper,,,Lottery,2018-07-19,NZD
s7xpknfjmu,5999371707,EE,1978-10-09,tv,,,Lottery,2018-04-16,EUR
dyp3mrc0x4,1147165269,NZ,1966-05-01,facebook,,,Scratchard,2014-10-27,NZD
yxbgdu5350,8630819387,ES,1977-08-28,tv,,,Lottery,2020-04-03,EUR
rr8essu8fs,6872834906,DE,1962-09-21,direct,,,Scratchard,2019-05-22,EUR
w0ofegehi6,3238423166,ES,1954-04-27,web,,,Scratchard,2016-05-19,EUR
egznhe4ydy,3960636483,AT,1967-01-31,newspaper,,,Games,2017-10-29,EUR
ujdbcvxk1n,7911667585,RO,1951-05-10,direct,,,Games,2013-08-08,
vyf8hqvkx4,6444622508,NZ,1966-03-17,newspaper,,,Sportsbook,2014-07-23,NZD
7j550zwk1c,8542315784,PL,1965-08-04,tv,,,Bingo,2020-04-13,
5um02nrkk1,4966148032,AT,1943-09-23,direct,,,Bingo,2011-10-10,EUR
70ym1ebrwq,4450771376,DE,1966-10-10,tv,,,Scratchard,2020-09-10,EUR
278zuc81c9,2458831810,ES,1965-02-04,web,,,Sportsbook,2018-04-01,EUR
wng3h2vrrd,4854330952,AT,1996-10-25,direct,,,Bingo,2020-09-26,EUR
dojc0o57g0,6314174061,SE,1975-01-03,web,,,Bingo,2017-11-10,SEK
rzivxvngey,9175102949,DE,1986-08-17,newspaper,,,Lottery,2015-07-18,EUR
cyov8tp6ml,8312430965,SE,1960-05-01,direct,,,Scratchard,2021-01-21,SEK
24qctz7o9e,6296724756,EE,1996-06-12,direct,,,Scratchard,2014-08-26,EUR
ry0op8y7vi,6439579199,RO,1990-04-23,web,,,Games,2021-06-29,
z45o426kmd,9099796993,SE,1953-02-17,direct,,,Bingo,2012-01-28,SEK
igrh6uz3yb,9683319570,EE,1946-04-09,web,,,Sportsbook,2012-01-07,EUR
pl5vxq7rss,5175582438,RO,1991-01-26,direct,,,Scratchard,2021-01-11,
0q3yf8rrxs,8325062560,EE,1964-12-31,newspaper,,,Lottery,2011-07-09,EUR
mht71qbzp0,6454004952,SE,1957-04-16,facebook,,,Sportsbook,2011-10-12,SEK
w20andh3b6,8308045070,NZ,1977-09-08,facebook,,,Sportsbook,2011-05-10,NZD
xuymfq6pky,4848474613,SE,1983-09-30,facebook,,,Lottery,2014-12-02,SEK
lvrfb6hogc,7246186821,AT,1967-03-07,newspaper,,,Bingo,2010-05-04,EUR
tncxp3nc7h,2688196569,PL,1979-11-08,web,,,Scratchard,2015-11-18,
cf9a4u3g5i,1590099955,DE,1983-07-07,newspaper,,,Bingo,2019-10-05,EUR
gzfed63z6x,4629747977,RO,1994-11-17,tv,,,Sportsbook,2019-09-18,
y4x1f170qc,1669353164,SE,1975-02-18,facebook,,,Lottery,2011-09-15,SEK
gkeg0ic7ya,1438693298,DE,1987-06-11,web,,,Games,2013-06-29,EUR
4ujge04u7l,4010670848,NZ,1982-08-09,direct,,,Bingo,2011-08-13,NZD
5pkhd000km,4442554830,RO,1997-02-18,web,,,Sportsbook,2018-04-21,
7t06lcsbrg,1905744017,SE,1980-03-15,direct,,,Bingo,2010-09-02,SEK
pbox0d13y7,6395412297,SE,1963-04-27,web,,,Lottery,2013-09-18,SEK
vegmmr52cw,2522280171,RO,1961-09-04,direct,,,Games,2012-10-09,
jzvrvkq0uj,3698305709,DE,1986-02-18,web,,,Games,2010-12-21,EUR
gj6r1unb70,2872761292,DE,1989-06-13,facebook,,,Sportsbook,2021-03-01,EUR
6wzawownwo,5599894411,AT,1998-01-17,newspaper,,,Bingo,2017-08-17,EUR
jlovkeqmgx,6237242496,RO,1955-04-28,direct,,,Games,2021-02-05,
ptx6kt7wt1,8616240350,SE,1946-12-23,newspaper,,,Bingo,2017-07-19,SEK
x78hyi2v4z,1433627374,EE,1945-11-17,tv,,,Bingo,2016-02-09,EUR
zl7oo7lvgf,9341350367,ES,1968-08-13,web,,,Bingo,2015-04-14,EUR
nqdpm5nh9t,4291178566,RO,1956-09-26,direct,,,Bingo,2021-01-17,
6gfypgph6o,1104242070,PL,1968-08-21,direct,,,Sportsbook,2012-02-29,
qe713r2zkk,1257429873,SE,1986-04-07,tv,,,Games,2016-07-17,SEK
szpjufp0mj,3334692224,RO,1991-09-01,newspaper,,,Sportsbook,2011-05-16,
3jhj495sx8,9416723241,AT,1970-09-13,web,,,Games,2020-06-08,EUR
yd7o9a15h5,4147359622,DE,1997-10-30,direct,,,Scratchard,2014-12-11,EUR
dab7rj1n56,9817736749,AT,1996-02-29,tv,,,Bingo,2015-11-13,EUR
mezcew7ppl,2550536315,RO,1945-01-16,facebook,,,Sportsbook,2011-08-01,
mbbqvklodd,5441542989,NZ,1983-05-28,web,,,Bingo,2013-07-28,NZD
hr3hvcpn11,2322271391,ES,1976-09-15,web,,,Scratchard,2017-03-23,EUR
rl05leld4l,9008391581,SE,1988-08-24,facebook,,,Games,2011-07-05,SEK
iz36z0wk2a,6138129749,DE,1962-08-04,newspaper,,,Games,2015-07-18,EUR
5frh37o7fk,7968409170,ES,1994-01-26,direct,,,Sportsbook,2019-08-19,EUR
vqeoy2iifx,4677626720,AT,1955-09-29,web,,,Scratchard,2017-03-17,EUR
hrmmfh6piz,9826072896,SE,1997-11-18,tv,,,Sportsbook,2017-04-29,SEK
4o280xro4p,3003632964,SE,1949-06-13,tv,,,Games,2014-02-26,SEK
d4ra0njqkg,3790376925,SE,1996-06-03,facebook,,,Games,2016-09-10,SEK
qqifutcaxm,3955762151,SE,1991-08-15,web,2020-07-05,2029-11-09,Lottery,2013-07-05,SEK
9g2ueei9y8,7567958026,NZ,1943-11-27,newspaper,,,Games,2011-09-11,NZD
0yeq1awsx6,5210308980,RO,1944-03-10,tv,,,Scratchard,2020-12-16,
ehr7qy3hs3,2375106696,ES,1993-05-18,facebook,,,Bingo,2020-07-27,EUR
4ah3r28x52,2656639420,SE,1994-05-29,web,,,Bingo,2011-01-16,SEK
ul6xmhux1f,3488995114,RO,1963-09-19,newspaper,,,Sportsbook,2017-04-04,
af596t72qp,9281332056,PL,1987-11-01,tv,,,Bingo,2017-08-05,
motly75p5p,5676898561,AT,1949-05-01,newspaper,,,Sportsbook,2019-06-02,EUR
9ylku7k7dz,1605689737,ES,1998-05-04,newspaper,,,Bingo,2021-05-22,EUR
e9mr5tw9in,1418441391,DE,1972-04-26,facebook,2018-08-03,2023-04-04,Lottery,2016-09-17,EUR
59svvzydp2,5636954038,EE,1941-09-09,tv,,,Scratchard,2015-10-25,EUR
x5n577qu3g,2679084421,DE,1957-08-30,direct,,,Bingo,2012-02-12,EUR
zo4qmwq9r4,3571891436,AT,1968-11-03,direct,,,Sportsbook,2017-08-23,EUR
n5fotjquhz,2420178452,EE,1965-10-27,facebook,,,Games,2010-10-06,EUR
iyq3md35ok,9208550370,DE,1979-09-02,direct,,,Games,2015-03-17,EUR
z4b0lx3phd,7294754188,EE,1952-05-28,direct,,,Scratchard,2016-04-08,EUR
mnxq5h99s2,4338238709,ES,1994-08-28,facebook,,,Games,2020-08-19,EUR
6n7cegfqaz,5409834735,ES,1956-10-21,tv,,,Lottery,2015-12-13,EUR
ed462l5smd,4256760247,ES,1943-10-30,facebook,,,Scratchard,2021-06-14,EUR
zsom5r24r7,2432239860,ES,1978-06-25,facebook,,,Lottery,2018-05-29,EUR
x8rdu1weeh,7858138614,DE,1998-04-21,newspaper,,,Scratchard,2010-03-19,EUR
jh792xnqci,5819651284,DE,1942-10-17,newspaper,,,Bingo,2014-07-26,EUR
hozaute75g,4147513695,RO,1986-11-23,tv,,,Bingo,2016-06-29,
0qoch3sg8n,9214442275,ES,1965-06-11,web,,,Sportsbook,2019-04-16,EUR
pmymztmxgt,2291009854,SE,1983-02-17,facebook,,,Lottery,2021-07-20,SEK
t99ymgebgq,8489065372,DE,1946-12-06,newspaper,,,Bingo,2015-02-22,EUR
0ixhryr2nm,5807315605,ES,1954-11-21,direct,,,Bingo,2015-04-23,EUR
lfna1xdx1c,9901889476,SE,1962-03-25,web,,,Games,2021-09-01,SEK
a6enerydgp,4636538480,SE,1982-12-06,web,,,Sportsbook,2015-12-01,SEK
5r3ctkwpzc,9937523708,SE,1996-07-07,web,,,Games,2016-10-07,SEK
c2iju9wekp,9750556308,EE,1974-04-09,direct,,,Sportsbook,2015-09-07,EUR
422itzivlg,9110892172,SE,1945-08-06,newspaper,,,Lottery,2013-04-02,SEK
hhpjbcn4mx,9306507014,PL,1975-01-31,web,,,Scratchard,2017-03-14,
uj6wf005my,9622840752,DE,1963-05-08,newspaper,,,Lottery,2015-08-12,EUR
vusrlt9ftr,3713956284,ES,1967-12-18,direct,,,Lottery,2021-06-28,EUR
iqxegsn0ox,6677439984,EE,1983-09-21,facebook,,,Sportsbook,2021-01-28,EUR
jl36tys86q,4421431461,PL,1958-09-13,facebook,,,Lottery,2020-03-13,
wzsalwza8d,8746199414,ES,1953-09-25,direct,2020-07-24,2025-03-11,Games,2010-05-12,EUR
ibi9p03lja,6482640039,ES,1977-06-30,newspaper,,,Scratchard,2019-04-09,EUR
qn24k3kt2m,7360398683,RO,1943-04-29,direct,,,Scratchard,2020-12-01,
z39mcqia8s,6877956071,DE,2000-10-17,direct,,,Lottery,2016-02-06,EUR
gznrfd648a,5076578596,SE,1983-01-25,direct,,,Scratchard,2016-02-15,SEK
qu482mi38y,2126018298,PL,1984-08-23,web,,,Bingo,2011-10-27,
